{
  "name": "meter-bar",
  "version": "16.0.1",
  "jetVersion": "^16.0.1",
  "pack": "oj-c",
  "type": "composite",
  "dependencyScope": "runtime",
  "license": "https://opensource.org/licenses/UPL",
  "implements": [
    "CMeterBarElement"
  ],
  "description": "A Meter bar displays information graphically in a rectangular bar, highlighting a specific metric value's progress in relation to its min, max, or thresholds.",
  "displayName": "Meter Bar",
  "main": "oj-c/meter-bar",
  "help": "oj-c.MeterBar.html",
  "status": [
    {
      "type": "supersedes",
      "since": "15.0.0",
      "value": [
        "oj-status-meter-gauge"
      ]
    }
  ],
  "extension": {
    "catalog": {
      "category": "Visualizations"
    },
    "vbdt": {
      "module": "oj-c/meter-bar"
    },
    "oracle": {
      "icon": "oj-ux-ico-linear-status",
      "uxSpecs": [
        "meter-bar"
      ]
    }
  },
  "propertyLayout": [
    {
      "propertyGroup": "common",
      "items": [
        "orientation",
        "thresholdDisplay",
        "plotArea.rendered",
        "color",
        "style"
      ]
    },
    {
      "propertyGroup": "data",
      "items": [
        "value",
        "min",
        "max",
        "step",
        "thresholds",
        "referenceLines"
      ]
    }
  ],
  "since": "14.0.0",
  "properties": {
    "max": {
      "type": "number",
      "description": "The maximum value of the meter bar.",
      "displayName": "Max",
      "help": "#max",
      "value": 100
    },
    "min": {
      "type": "number",
      "description": "The minimum value of the meter bar.",
      "displayName": "Min",
      "help": "#min",
      "value": 0
    },
    "readonly": {
      "type": "boolean",
      "help": "#readonly",
      "displayName": "Readonly",
      "value": false
    },
    "value": {
      "type": "number|null",
      "description": "The value of the meter bar.",
      "displayName": "Value",
      "help": "#value",
      "writeback": true,
      "value": 0
    },
    "step": {
      "type": "number",
      "displayName": "Step",
      "help": "#step",
      "value": 1
    },
    "color": {
      "type": "string",
      "displayName": "Color",
      "help": "#color",
      "format": "color",
      "status": [
        {
          "type": "antiPattern",
          "since": "16.0.0",
          "themes": [
            "Redwood"
          ]
        }
      ]
    },
    "indicatorSize": {
      "type": "number",
      "displayName": "Indicator Size",
      "help": "#indicatorSize",
      "status": [
        {
          "type": "antiPattern",
          "since": "16.0.0",
          "themes": [
            "Redwood"
          ]
        }
      ],
      "value": 1
    },
    "plotArea": {
      "type": "object",
      "displayName": "Plot Area",
      "help": "#plotArea",
      "properties": {
        "color": {
          "type": "string",
          "format": "color"
        },
        "rendered": {
          "type": "string",
          "enumValues": [
            "off",
            "on"
          ]
        }
      }
    },
    "orientation": {
      "type": "string",
      "displayName": "Orientation",
      "help": "#orientation",
      "enumValues": [
        "horizontal",
        "vertical"
      ],
      "value": "horizontal"
    },
    "referenceLines": {
      "type": "Array<object>",
      "displayName": "Reference Lines",
      "help": "#referenceLines",
      "extension": {
        "vbdt": {
          "itemProperties": {
            "color": {
              "type": "string",
              "format": "color",
              "propertyEditorValues": {
                "danger": {
                  "description": "Maps to theme-specific color indicating a danger condition"
                },
                "warning": {
                  "description": "Maps to theme-specific color indicating a warning condition"
                },
                "success": {
                  "description": "Maps to theme-specific color indicating a success condition"
                }
              }
            },
            "position": {
              "type": "string",
              "enumValues": [
                "end",
                "start"
              ]
            },
            "value": {
              "type": "number"
            }
          }
        }
      }
    },
    "thresholdDisplay": {
      "type": "string",
      "displayName": "Threshold Display",
      "help": "#thresholdDisplay",
      "enumValues": [
        "all",
        "plotArea",
        "indicator"
      ],
      "value": "indicator"
    },
    "thresholds": {
      "type": "Array<object>",
      "displayName": "Thresholds",
      "help": "#thresholds",
      "extension": {
        "vbdt": {
          "itemProperties": {
            "accessibleLabel": {
              "type": "string"
            },
            "color": {
              "type": "string",
              "format": "color",
              "propertyEditorValues": {
                "danger": {
                  "description": "Maps to theme-specific color indicating a danger condition"
                },
                "warning": {
                  "description": "Maps to theme-specific color indicating a warning condition"
                },
                "success": {
                  "description": "Maps to theme-specific color indicating a success condition"
                }
              }
            },
            "max": {
              "type": "number"
            }
          }
        }
      }
    },
    "describedBy": {
      "type": "string|null",
      "displayName": "Described By",
      "help": "#describedBy"
    },
    "labelledBy": {
      "type": "string|null",
      "displayName": "Labelled By",
      "help": "#labelledBy"
    },
    "size": {
      "type": "string",
      "description": "Specifies the size of the meter bar.",
      "displayName": "Size",
      "help": "#size",
      "propertyEditorValues": {
        "sm": {
          "description": "small Meter Bar",
          "displayName": "Small"
        },
        "md": {
          "description": "medium Meter Bar (default, if unspecified)",
          "displayName": "Medium"
        },
        "lg": {
          "description": "large Meter Bar",
          "displayName": "Large"
        }
      },
      "enumValues": [
        "sm",
        "md",
        "lg"
      ],
      "value": "md"
    },
    "datatip": {
      "type": "function",
      "displayName": "Datatip",
      "help": "#datatip"
    },
    "transientValue": {
      "type": "number",
      "displayName": "transientValue",
      "help": "#transientValue",
      "readOnly": true,
      "writeback": true
    }
  },
  "methods": {
    "setProperty": {
      "description": "Sets a property or a single subproperty for complex properties and notifies the component of the change, triggering a corresponding event.",
      "help": "#setProperty",
      "params": [
        {
          "name": "property",
          "description": "The property name to set. Supports dot notation for subproperty access.",
          "type": "string"
        },
        {
          "name": "value",
          "description": "The new value to set the property to.",
          "type": "any"
        }
      ],
      "return": "void"
    },
    "getProperty": {
      "description": "Retrieves the value of a property or a subproperty.",
      "help": "#getProperty",
      "params": [
        {
          "name": "property",
          "description": "The property name to get. Supports dot notation for subproperty access.",
          "type": "string"
        }
      ],
      "return": "any"
    },
    "setProperties": {
      "description": "Performs a batch set of properties.",
      "help": "#setProperties",
      "params": [
        {
          "name": "properties",
          "description": "An object containing the property and value pairs to set.",
          "type": "object"
        }
      ],
      "return": "void"
    }
  }
}