{
  "name": "oj-c",
  "version": "16.0.1",
  "jetVersion": "^16.0.1",
  "type": "mono-pack",
  "displayName": "Oracle JET Core pack",
  "description": "Core Oracle JET components implemented using virtual DOM technology",
  "help": "index.html",
  "license": "https://opensource.org/licenses/UPL",
  "dependencyScope": "runtime",
  "dependencies": {
    "oj-ref-oraclejet-preact": "16.0.0"
  },
  "bundles": {
    "oj-c/corepackbundle": [
      "oj-c/area-chart",
      "oj-c/area-chart-item",
      "oj-c/area-chart-series",
      "oj-c/area-chart-group",
      "oj-c/highlight-text",
      "oj-c/input-date-text",
      "oj-c/input-date-mask",
      "oj-c/input-number",
      "oj-c/input-password",
      "oj-c/input-text",
      "oj-c/message-toast",
      "oj-c/text-area",
      "oj-c/progress-bar",
      "oj-c/progress-circle",
      "oj-c/avatar",
      "oj-c/button",
      "oj-c/checkbox",
      "oj-c/checkboxset",
      "oj-c/rating-gauge",
      "oj-c/select-multiple",
      "oj-c/select-single",
      "oj-c/collapsible",
      "oj-c/file-picker",
      "oj-c/meter-bar",
      "oj-c/meter-circle",
      "oj-c/line-chart",
      "oj-c/line-chart-item",
      "oj-c/line-chart-series",
      "oj-c/line-chart-group",
      "oj-c/list-item-layout",
      "oj-c/list-view",
      "oj-c/radioset",
      "oj-c/split-menu-button",
      "oj-c/selector",
      "oj-c/selector-all",
      "oj-c/legend",
      "oj-c/legend-item",
      "oj-c/legend-section",
      "oj-c/tag-cloud",
      "oj-c/tag-cloud-item",
      "oj-c/message-banner",
      "oj-c/action-card",
      "oj-c/selection-card",
      "oj-c/drawer-popup",
      "oj-c/form-layout",
      "oj-c/labelled-link",
      "oj-c/menu-button"
    ]
  },
  "contents": [
    {
      "name": "area-chart"
    },
    {
      "name": "area-chart-item"
    },
    {
      "name": "area-chart-series"
    },
    {
      "name": "area-chart-group"
    },
    {
      "name": "highlight-text"
    },
    {
      "name": "input-number"
    },
    {
      "name": "input-password"
    },
    {
      "name": "input-text"
    },
    {
      "name": "message-toast"
    },
    {
      "name": "select-multiple"
    },
    {
      "name": "select-single"
    },
    {
      "name": "text-area"
    },
    {
      "name": "progress-bar"
    },
    {
      "name": "progress-circle"
    },
    {
      "name": "avatar"
    },
    {
      "name": "button"
    },
    {
      "name": "rating-gauge"
    },
    {
      "name": "collapsible"
    },
    {
      "name": "file-picker"
    },
    {
      "name": "meter-bar"
    },
    {
      "name": "meter-circle"
    },
    {
      "name": "line-chart"
    },
    {
      "name": "line-chart-item"
    },
    {
      "name": "line-chart-series"
    },
    {
      "name": "line-chart-group"
    },
    {
      "name": "list-item-layout"
    },
    {
      "name": "list-view"
    },
    {
      "name": "split-menu-button"
    },
    {
      "name": "selector"
    },
    {
      "name": "selector-all"
    },
    {
      "name": "input-date-text"
    },
    {
      "name": "input-date-mask"
    },
    {
      "name": "legend"
    },
    {
      "name": "legend-item"
    },
    {
      "name": "legend-section"
    },
    {
      "name": "tag-cloud"
    },
    {
      "name": "tag-cloud-item"
    },
    {
      "name": "message-banner"
    },
    {
      "name": "radioset"
    },
    {
      "name": "action-card"
    },
    {
      "name": "selection-card"
    },
    {
      "name": "checkbox"
    },
    {
      "name": "checkboxset"
    },
    {
      "name": "drawer-popup"
    },
    {
      "name": "form-layout"
    },
    {
      "name": "labelled-link"
    },
    {
      "name": "menu-button"
    }
  ]
}