[
  {
    "pack": "oj-c",
    "id": "oj-c.ProgressBar",
    "name": "ProgressBar",
    "memberof": "oj-c",
    "longname": "oj-c.ProgressBar",
    "kind": "class",
    "classdesc": "<h3 id=\"progressBarOverview-section\">\n  JET Progress Bar\n  <a class=\"bookmarkable-link\" title=\"Bookmarkable Link\" href=\"#progressBarOverview-section\"></a>\n</h3>\nThe oj-c-progress-bar element allows a user to display progress of an operation in a rectangular horizontal meter.\nIf a developer does not wish to display the exact value, a value of '-1' can be passed in to display an indeterminate value.\n\n<pre class=\"prettyprint\"><code>&lt;oj-c-progress-bar value='{{progressValue}}'>&lt;/oj-c-progress-bar></code></pre>\n\n<h3 id=\"a11y-section\">\n  Accessibility\n  <a class=\"bookmarkable-link\" title=\"Bookmarkable Link\" href=\"#a11y-section\"></a>\n</h3>\n\n<p>If this element is being used to describe the loading process of a particular region of a page, then the <code class=\"prettyprint\">aria-describedby</code>\n   attribute of the region must point to the id of the oj-c-progress-bar and <code class=\"prettyprint\">aria-busy = \"true\"</code> must be added to the region until the loading is complete.</p>",
    "scope": "static",
    "tagWithoutBrackets": "oj-c-progress-bar",
    "tagWithBrackets": "<oj-c-progress-bar>",
    "domInterface": "CProgressBarElement",
    "ojPageTitle": "&lt;oj-c-progress-bar>",
    "ojcomponent": true,
    "isvcomponent": true,
    "camelCaseName": "ProgressBar",
    "ojPageTitlePrefix": "Element: ",
    "ojtsvcomponent": true,
    "tstype": {
      "target": "Type",
      "value": "interface CProgressBarElement extends JetElement<ProgressBarElementSettableProperties>"
    },
    "ojsignature": [
      {
        "target": "Type",
        "value": "interface CProgressBarElement extends JetElement<ProgressBarElementSettableProperties>"
      }
    ],
    "since": "13.0.0",
    "tsdeprecated": [
      {
        "type": "supersedes",
        "since": "15.0.0",
        "value": [
          "oj-progress-bar"
        ]
      }
    ],
    "meta": {
      "filename": "progress-bar.tsx",
      "path": "/home/jenkins/uitech/workspace/OJET_Code_16.0.1/packages/oraclejet-core-pack/web/components/oj-c/progress-bar"
    },
    "ojmodule": "progress-bar"
  },
  {
    "memberof": "oj-c.ProgressBar",
    "id": "oj-c.ProgressBar#max",
    "name": "max",
    "kind": "member",
    "longname": "oj-c.ProgressBar#max",
    "optional": true,
    "scope": "instance",
    "description": "The maximum allowed value. The element's max attribute is used if it\nis provided, otherwise the default value of 100 is used.",
    "meta": {
      "filename": "progress-bar.tsx",
      "path": "/home/jenkins/uitech/workspace/OJET_Code_16.0.1/packages/oraclejet-core-pack/web/components/oj-c/progress-bar"
    },
    "defaultvalue": 100,
    "type": {
      "names": [
        "number"
      ]
    }
  },
  {
    "memberof": "oj-c.ProgressBar",
    "id": "oj-c.ProgressBar#value",
    "name": "value",
    "kind": "member",
    "longname": "oj-c.ProgressBar#value",
    "optional": true,
    "scope": "instance",
    "description": "The value of the Progress Bar. The element's value attribute is used if it\nis provided, otherwise the default value of 0 is used. For indeterminate Progress, set value to -1.\nAny other negative value will default to 0.",
    "meta": {
      "filename": "progress-bar.tsx",
      "path": "/home/jenkins/uitech/workspace/OJET_Code_16.0.1/packages/oraclejet-core-pack/web/components/oj-c/progress-bar"
    },
    "defaultvalue": 0,
    "type": {
      "names": [
        "number"
      ]
    }
  },
  {
    "memberof": "oj-c.ProgressBar",
    "id": "oj-c.ProgressBar#edge",
    "name": "edge",
    "kind": "member",
    "longname": "oj-c.ProgressBar#edge",
    "optional": true,
    "scope": "instance",
    "description": "Whether the progress bar is positioned at the top edge of a container or not.\nIf set to 'top', the curved borders will be removed.",
    "meta": {
      "filename": "progress-bar.tsx",
      "path": "/home/jenkins/uitech/workspace/OJET_Code_16.0.1/packages/oraclejet-core-pack/web/components/oj-c/progress-bar"
    },
    "ojvalues": [
      {
        "name": "none",
        "description": "Not attached progress bar (default, if unspecified)",
        "displayName": "Not Attached Progress Bar",
        "type": {
          "names": [
            "string"
          ]
        }
      },
      {
        "name": "top",
        "description": "Progress Bar at Top Edge of container",
        "displayName": "Progress Bar Top Edge Container",
        "type": {
          "names": [
            "string"
          ]
        }
      }
    ],
    "defaultvalue": "\"none\"",
    "type": {
      "names": [
        "\"none\"",
        "\"top\""
      ]
    }
  },
  {
    "memberof": "oj-c.ProgressBar",
    "id": "oj-c.ProgressBar#setProperty",
    "name": "setProperty",
    "kind": "function",
    "longname": "oj-c.ProgressBar#setProperty",
    "description": "Sets a property or a single subproperty for complex properties and notifies the component of the change, triggering a corresponding event.",
    "meta": {
      "filename": "progress-bar.tsx",
      "path": "/home/jenkins/uitech/workspace/OJET_Code_16.0.1/packages/oraclejet-core-pack/web/components/oj-c/progress-bar"
    },
    "scope": "instance",
    "params": [
      {
        "name": "property",
        "description": "The property name to set. Supports dot notation for subproperty access.",
        "type": "string"
      },
      {
        "name": "value",
        "description": "The new value to set the property to.",
        "type": "any"
      }
    ],
    "returns": [
      {
        "type": {
          "names": [
            "void"
          ]
        }
      }
    ]
  },
  {
    "memberof": "oj-c.ProgressBar",
    "id": "oj-c.ProgressBar#getProperty",
    "name": "getProperty",
    "kind": "function",
    "longname": "oj-c.ProgressBar#getProperty",
    "description": "Retrieves the value of a property or a subproperty.",
    "meta": {
      "filename": "progress-bar.tsx",
      "path": "/home/jenkins/uitech/workspace/OJET_Code_16.0.1/packages/oraclejet-core-pack/web/components/oj-c/progress-bar"
    },
    "scope": "instance",
    "params": [
      {
        "name": "property",
        "description": "The property name to get. Supports dot notation for subproperty access.",
        "type": "string"
      }
    ],
    "returns": [
      {
        "type": {
          "names": [
            "any"
          ]
        }
      }
    ]
  },
  {
    "memberof": "oj-c.ProgressBar",
    "id": "oj-c.ProgressBar#setProperties",
    "name": "setProperties",
    "kind": "function",
    "longname": "oj-c.ProgressBar#setProperties",
    "description": "Performs a batch set of properties.",
    "meta": {
      "filename": "progress-bar.tsx",
      "path": "/home/jenkins/uitech/workspace/OJET_Code_16.0.1/packages/oraclejet-core-pack/web/components/oj-c/progress-bar"
    },
    "scope": "instance",
    "params": [
      {
        "name": "properties",
        "description": "An object containing the property and value pairs to set.",
        "type": "object"
      }
    ],
    "returns": [
      {
        "type": {
          "names": [
            "void"
          ]
        }
      }
    ]
  }
]