[
  {
    "pack": "oj-c",
    "id": "oj-c.ProgressCircle",
    "name": "ProgressCircle",
    "memberof": "oj-c",
    "longname": "oj-c.ProgressCircle",
    "kind": "class",
    "classdesc": "<h3 id=\"progressCircleOverview-section\">\n  JET Progress Circle\n  <a class=\"bookmarkable-link\" title=\"Bookmarkable Link\" href=\"#progressCircleOverview-section\"></a>\n</h3>\nThe oj-c-progress-circle element allows a user to display progress of an operation with a circular meter.\nIf a developer does not wish to display the exact value, a value of '-1' can be passed in to display an indeterminate value.\n\n<pre class=\"prettyprint\"><code>&lt;oj-c-progress-circle value='{{progressValue}}'>&lt;/oj-c-progress-circle></code></pre>\n\n<h3 id=\"a11y-section\">\n  Accessibility\n  <a class=\"bookmarkable-link\" title=\"Bookmarkable Link\" href=\"#a11y-section\"></a>\n</h3>\n\n<p>If this element is being used to describe the loading process of a particular region of a page, then the <code class=\"prettyprint\">aria-describedby</code>\n   attribute of the region must point to the id of the oj-progress-circle and <code class=\"prettyprint\">aria-busy = \"true\"</code> must be added to the region until the loading is complete.</p>",
    "scope": "static",
    "tagWithoutBrackets": "oj-c-progress-circle",
    "tagWithBrackets": "<oj-c-progress-circle>",
    "domInterface": "CProgressCircleElement",
    "ojPageTitle": "&lt;oj-c-progress-circle>",
    "ojcomponent": true,
    "isvcomponent": true,
    "camelCaseName": "ProgressCircle",
    "ojPageTitlePrefix": "Element: ",
    "ojtsvcomponent": true,
    "tstype": {
      "target": "Type",
      "value": "interface CProgressCircleElement extends JetElement<ProgressCircleElementSettableProperties>"
    },
    "ojsignature": [
      {
        "target": "Type",
        "value": "interface CProgressCircleElement extends JetElement<ProgressCircleElementSettableProperties>"
      }
    ],
    "since": "13.0.0",
    "tsdeprecated": [
      {
        "type": "supersedes",
        "since": "15.0.0",
        "value": [
          "oj-progress-circle"
        ]
      }
    ],
    "meta": {
      "filename": "progress-circle.tsx",
      "path": "/home/jenkins/uitech/workspace/OJET_Code_16.0.1/packages/oraclejet-core-pack/web/components/oj-c/progress-circle"
    },
    "ojmodule": "progress-circle"
  },
  {
    "memberof": "oj-c.ProgressCircle",
    "id": "oj-c.ProgressCircle#max",
    "name": "max",
    "kind": "member",
    "longname": "oj-c.ProgressCircle#max",
    "optional": true,
    "scope": "instance",
    "description": "The maximum allowed value. The element's max attribute is used if it\nis provided, otherwise the default value of 100 is used.",
    "meta": {
      "filename": "progress-circle.tsx",
      "path": "/home/jenkins/uitech/workspace/OJET_Code_16.0.1/packages/oraclejet-core-pack/web/components/oj-c/progress-circle"
    },
    "defaultvalue": 100,
    "type": {
      "names": [
        "number"
      ]
    }
  },
  {
    "memberof": "oj-c.ProgressCircle",
    "id": "oj-c.ProgressCircle#value",
    "name": "value",
    "kind": "member",
    "longname": "oj-c.ProgressCircle#value",
    "optional": true,
    "scope": "instance",
    "description": "The value of the Progress Circle. The element's value attribute is used if it\nis provided, otherwise the default value of 0 is used. For indeterminate Progress, set value to -1.\nAny other negative value will default to 0.",
    "meta": {
      "filename": "progress-circle.tsx",
      "path": "/home/jenkins/uitech/workspace/OJET_Code_16.0.1/packages/oraclejet-core-pack/web/components/oj-c/progress-circle"
    },
    "defaultvalue": 0,
    "type": {
      "names": [
        "number"
      ]
    }
  },
  {
    "memberof": "oj-c.ProgressCircle",
    "id": "oj-c.ProgressCircle#size",
    "name": "size",
    "kind": "member",
    "longname": "oj-c.ProgressCircle#size",
    "optional": true,
    "scope": "instance",
    "description": "Specifies the size of the progress circle.",
    "meta": {
      "filename": "progress-circle.tsx",
      "path": "/home/jenkins/uitech/workspace/OJET_Code_16.0.1/packages/oraclejet-core-pack/web/components/oj-c/progress-circle"
    },
    "ojvalues": [
      {
        "name": "sm",
        "description": "small progress circle",
        "displayName": "Small",
        "type": {
          "names": [
            "string"
          ]
        }
      },
      {
        "name": "md",
        "description": "medium progress circle (default, if unspecified)",
        "displayName": "Medium",
        "type": {
          "names": [
            "string"
          ]
        }
      },
      {
        "name": "lg",
        "description": "large progress circle",
        "displayName": "Large",
        "type": {
          "names": [
            "string"
          ]
        }
      }
    ],
    "defaultvalue": "\"md\"",
    "type": {
      "names": [
        "\"sm\"",
        "\"md\"",
        "\"lg\""
      ]
    }
  },
  {
    "memberof": "oj-c.ProgressCircle",
    "id": "oj-c.ProgressCircle#setProperty",
    "name": "setProperty",
    "kind": "function",
    "longname": "oj-c.ProgressCircle#setProperty",
    "description": "Sets a property or a single subproperty for complex properties and notifies the component of the change, triggering a corresponding event.",
    "meta": {
      "filename": "progress-circle.tsx",
      "path": "/home/jenkins/uitech/workspace/OJET_Code_16.0.1/packages/oraclejet-core-pack/web/components/oj-c/progress-circle"
    },
    "scope": "instance",
    "params": [
      {
        "name": "property",
        "description": "The property name to set. Supports dot notation for subproperty access.",
        "type": "string"
      },
      {
        "name": "value",
        "description": "The new value to set the property to.",
        "type": "any"
      }
    ],
    "returns": [
      {
        "type": {
          "names": [
            "void"
          ]
        }
      }
    ]
  },
  {
    "memberof": "oj-c.ProgressCircle",
    "id": "oj-c.ProgressCircle#getProperty",
    "name": "getProperty",
    "kind": "function",
    "longname": "oj-c.ProgressCircle#getProperty",
    "description": "Retrieves the value of a property or a subproperty.",
    "meta": {
      "filename": "progress-circle.tsx",
      "path": "/home/jenkins/uitech/workspace/OJET_Code_16.0.1/packages/oraclejet-core-pack/web/components/oj-c/progress-circle"
    },
    "scope": "instance",
    "params": [
      {
        "name": "property",
        "description": "The property name to get. Supports dot notation for subproperty access.",
        "type": "string"
      }
    ],
    "returns": [
      {
        "type": {
          "names": [
            "any"
          ]
        }
      }
    ]
  },
  {
    "memberof": "oj-c.ProgressCircle",
    "id": "oj-c.ProgressCircle#setProperties",
    "name": "setProperties",
    "kind": "function",
    "longname": "oj-c.ProgressCircle#setProperties",
    "description": "Performs a batch set of properties.",
    "meta": {
      "filename": "progress-circle.tsx",
      "path": "/home/jenkins/uitech/workspace/OJET_Code_16.0.1/packages/oraclejet-core-pack/web/components/oj-c/progress-circle"
    },
    "scope": "instance",
    "params": [
      {
        "name": "properties",
        "description": "An object containing the property and value pairs to set.",
        "type": "object"
      }
    ],
    "returns": [
      {
        "type": {
          "names": [
            "void"
          ]
        }
      }
    ]
  }
]