[
  {
    "pack": "oj-c",
    "id": "oj-c.SelectionCard",
    "name": "SelectionCard",
    "memberof": "oj-c",
    "longname": "oj-c.SelectionCard",
    "kind": "class",
    "classdesc": "<h3 id=\"SelectionCardOverview-section\">\n  JET Selection\n  <a class=\"bookmarkable-link\" title=\"Bookmarkable Link\" href=\"#CardOverview-section\"></a>\n</h3>\n<p>Description: Themeable, WAI-ARIA-compliant element that represents a card.</p>\n<p>Selection Card provides a styled rectangular area for use in collections.\n\n\n<pre class=\"prettyprint\">\n<code>\n&lt;oj-c-selection-card\">\n  Sample Text\n&lt;/oj-c-selection-card>\n\n</code></pre>",
    "ojhidden": true,
    "scope": "static",
    "tagWithoutBrackets": "oj-c-selection-card",
    "tagWithBrackets": "<oj-c-selection-card>",
    "domInterface": "CSelectionCardElement",
    "ojPageTitle": "&lt;oj-c-selection-card>",
    "ojcomponent": true,
    "isvcomponent": true,
    "camelCaseName": "SelectionCard",
    "ojPageTitlePrefix": "Element: ",
    "ojtsvcomponent": true,
    "tstype": {
      "target": "Type",
      "value": "interface CSelectionCardElement extends JetElement<SelectionCardElementSettableProperties>"
    },
    "ojsignature": [
      {
        "target": "Type",
        "value": "interface CSelectionCardElement extends JetElement<SelectionCardElementSettableProperties>"
      }
    ],
    "since": "16.0.0",
    "meta": {
      "filename": "selection-card.tsx",
      "path": "/home/jenkins/uitech/workspace/OJET_Code_16.0.1/packages/oraclejet-core-pack/web/components/oj-c/selection-card"
    },
    "ojmodule": "selection-card"
  },
  {
    "memberof": "oj-c.SelectionCard",
    "id": "oj-c.SelectionCard#selected",
    "name": "selected",
    "kind": "member",
    "longname": "oj-c.SelectionCard#selected",
    "optional": true,
    "scope": "instance",
    "description": "Boolean that marks this card as selected.",
    "ojhidden": true,
    "meta": {
      "filename": "selection-card.tsx",
      "path": "/home/jenkins/uitech/workspace/OJET_Code_16.0.1/packages/oraclejet-core-pack/web/components/oj-c/selection-card"
    },
    "type": {
      "names": [
        "boolean"
      ]
    }
  },
  {
    "memberof": "oj-c.SelectionCard",
    "id": "oj-c.SelectionCard#setProperty",
    "name": "setProperty",
    "kind": "function",
    "longname": "oj-c.SelectionCard#setProperty",
    "description": "Sets a property or a single subproperty for complex properties and notifies the component of the change, triggering a corresponding event.",
    "meta": {
      "filename": "selection-card.tsx",
      "path": "/home/jenkins/uitech/workspace/OJET_Code_16.0.1/packages/oraclejet-core-pack/web/components/oj-c/selection-card"
    },
    "scope": "instance",
    "params": [
      {
        "name": "property",
        "description": "The property name to set. Supports dot notation for subproperty access.",
        "type": "string"
      },
      {
        "name": "value",
        "description": "The new value to set the property to.",
        "type": "any"
      }
    ],
    "returns": [
      {
        "type": {
          "names": [
            "void"
          ]
        }
      }
    ]
  },
  {
    "memberof": "oj-c.SelectionCard",
    "id": "oj-c.SelectionCard#getProperty",
    "name": "getProperty",
    "kind": "function",
    "longname": "oj-c.SelectionCard#getProperty",
    "description": "Retrieves the value of a property or a subproperty.",
    "meta": {
      "filename": "selection-card.tsx",
      "path": "/home/jenkins/uitech/workspace/OJET_Code_16.0.1/packages/oraclejet-core-pack/web/components/oj-c/selection-card"
    },
    "scope": "instance",
    "params": [
      {
        "name": "property",
        "description": "The property name to get. Supports dot notation for subproperty access.",
        "type": "string"
      }
    ],
    "returns": [
      {
        "type": {
          "names": [
            "any"
          ]
        }
      }
    ]
  },
  {
    "memberof": "oj-c.SelectionCard",
    "id": "oj-c.SelectionCard#setProperties",
    "name": "setProperties",
    "kind": "function",
    "longname": "oj-c.SelectionCard#setProperties",
    "description": "Performs a batch set of properties.",
    "meta": {
      "filename": "selection-card.tsx",
      "path": "/home/jenkins/uitech/workspace/OJET_Code_16.0.1/packages/oraclejet-core-pack/web/components/oj-c/selection-card"
    },
    "scope": "instance",
    "params": [
      {
        "name": "properties",
        "description": "An object containing the property and value pairs to set.",
        "type": "object"
      }
    ],
    "returns": [
      {
        "type": {
          "names": [
            "void"
          ]
        }
      }
    ]
  },
  {
    "memberof": "oj-c.SelectionCard",
    "id": "oj-c.SelectionCard#Default",
    "name": "Default",
    "kind": "member",
    "longname": "oj-c.SelectionCard#Default",
    "description": "The default slot is the content of the card.",
    "ojhidden": true,
    "meta": {
      "filename": "selection-card.tsx",
      "path": "/home/jenkins/uitech/workspace/OJET_Code_16.0.1/packages/oraclejet-core-pack/web/components/oj-c/selection-card"
    },
    "scope": "instance",
    "ojchild": true,
    "ojslot": false
  }
]