[
  {
    "pack": "oj-c",
    "id": "oj-c.SelectMultiple",
    "name": "SelectMultiple",
    "memberof": "oj-c",
    "longname": "oj-c.SelectMultiple",
    "kind": "class",
    "classdesc": "<h3 id=\"selectMultipleOverview-section\">\n  JET Select Multiple\n  <a class=\"bookmarkable-link\" title=\"Bookmarkable Link\" href=\"#selectMultipleOverview-section\"></a>\n</h3>\n<p>Description: JET Select Multiple provides support for multi-select and search filtering.</p>\n\n<p>A JET Select Multiple can be created with the following markup.</p>\n\n<pre class=\"prettyprint\"><code>\n&lt;oj-c-select-multiple data=\"[[dataProvider]]\" item-text=\"label\" label-hint=\"Select Multiple\">\n&lt;/oj-c-select-multiple>\n</code></pre>\n\n<h4>Data</h4>\n<p>The only way to provide data to JET Select Multiple is through a\n<a href=\"DataProvider.html\">DataProvider</a>. For cases with\na small set of fixed data, use an <a href=\"ArrayDataProvider.html\">ArrayDataProvider</a>.</p>\n\n<h3 id=\"diff-section\">\n  Differences between Select and Combobox components\n  <a class=\"bookmarkable-link\" title=\"Bookmarkable Link\" href=\"#diff-section\"></a>\n</h3>\n\n<p>\noj-c-select-* components and oj-combobox-* components may look and feel similar,\nbut these components are different and are intended for very different use cases.\n</p>\n\n<p>\nWhile oj-c-select-* components allow a user to filter the data in the dropdown,\nit is not possible to enter values that are not available in the data.\nThis makes oj-c-select-* components ideal for usecases where the user can only\nselect values that are available in the dropdown, but not provide custom\nvalues of their own.\n</p>\n\n<p>\nIn contrast, oj-combobox-* components allow a user to enter new values that are\nnot available in the data in addition to using the text field for filtering dropdown data.\nThis makes oj-combobox-* components ideal for usecases where the users can provide\ncustom values in addition to those that are already available in the dropdown data.\n</p>\n\n<p>\nApplication developers should consider the above differences when choosing between\nSelect and Combobox components.\nAdditionally, applications are advised to use oj-c-select-multiple instead of oj-select-many.\n</p>\n\n<h3 id=\"validation-section\">\n  Validation and Messaging\n  <a class=\"bookmarkable-link\" title=\"Bookmarkable Link\" href=\"#validation-section\"></a>\n</h3>\n\n<p>\nAn editable component runs validation (normal or deferred) based on the action performed on it\n(either by end-user or page author), and the state it was in when the action occurred. Examples\nof actions are - creating a component, user changing the value of the component by interacting\nwith it, the app setting a value programmatically, the app calling the validate() method etc. At\nthe time the action occurs, the component could already be showing errors, or can have a deferred\nerror or have no errors.\n</p>\n<p>\nThese factors also determine whether validation errors/messages get shown to the user immediately\nor get deferred. The following sections highlight the kinds of validation that are run and how\nmessages get handled.\n</p>\n\n<h4 id=\"normal-validation-section\">\n  Normal Validation\n  <a class=\"bookmarkable-link\" title=\"Bookmarkable Link\" href=\"#normal-validation-section\"></a>\n</h4>\nNormal validation is run in the following cases on the display value, using the converter and\nvalidators (this includes async-validators) set on the component,\nand validation errors are reported to user immediately.\n<ul>\n<li>When value changes as a result of user interaction all messages are cleared, including custom\nmessages added by the app, and full validation is run on the UI value. The steps performed are\noutlined below.\n<ol>\n<li>All messages are cleared and <code class=\"prettyprint\">messagesCustom</code> property is cleared</li>\n<li>If no converter is present then processing continues to next step. If a converter is\npresent, the UI value is first converted (i.e., parsed). If there is a parse error then\nthe messages are shown and processing returns.</li>\n<li>If there are no validators setup for the component then the value is set on the component.\nOtherwise all validators are run in sequence using the parsed value from the previous step. The\nimplicit required is run first if the component is marked required. When a validation error is\nencountered it is remembered and the next validator in the sequence is run.\n<ul><li>NOTE: The value is trimmed before required validation is run</li></ul>\n</li>\n<li>At the end of the validation run if there are errors, the messages are shown\nand processing returns. If there are async-validators, those errors are shown as soon as they\ncome in, and not until all validators, sync and async validators, are complete, does processing\nreturn, that is, value and valid are updated. If there are no errors, then the\n<code class=\"prettyprint\">value</code> property is updated and the formatted value displayed on the\nUI.</li>\n</ol>\n</li>\n<li>When the <code class=\"prettyprint\">validate</code> method is called by app, all messages are\ncleared and full validation run using the display value. See <code class=\"prettyprint\">validate</code>\nmethod on the sub-classes for details. Note: JET validation is designed to catch user input errors, and not invalid\ndata passed from the server; this should be caught on the server.</li>\n<li>When certain properties change through programmatic intervention by app, the component\ndetermines whether it needs to run normal validation based on the state the component is in.\nRefer to the <a href=\"#mixed-validation-section\">Mixed Validation</a> section below for details. </li>\n</ul>\n\n<h4 id=\"deferred-validation-section\">\n  Deferred Validation\n  <a class=\"bookmarkable-link\" title=\"Bookmarkable Link\" href=\"#deferred-validation-section\"></a>\n</h4>\nDeferred validation is run in the following cases on the component value using the implicit\nrequired validator if required is true, and validation errors are deferred, i.e., not shown to user immediately.\nRefer to the <a href=\"#deferred-messages-section\">Showing Deferred Messages</a> section to\nunderstand how deferred messages can be shown.\n<ul>\n <li>When a component is created and it is required deferred validation is run and no messages are cleared\n prior to running validation.\n Refer to the <a href=\"#deferred-validators-section\">Validators\n Participating in Deferred Validation</a> section for details.</li>\n <li>When the <code class=\"prettyprint\">value</code> property changes due to programmatic\n intervention deferred validation is run, after all messages and messagesCustom property are cleared.</li>\n <li>When the <code class=\"prettyprint\">reset</code> method is called, deferred validation is run\n  after all messages and messagesCustom property are cleared.</li>\n <li>When certain properties change through programmatic intervention by app, the component\n determines whether it needs to run deferred validation based on the state the component is in.\n Refer to the <a href=\"#mixed-validation-section\">Mixed Validation</a> section below for details.</li>\n</ul>\n\n<h4 id=\"mixed-validation-section\">\n  Mixed Validation\n  <a class=\"bookmarkable-link\" title=\"Bookmarkable Link\" href=\"#mixed-validation-section\"></a>\n</h4>\nEither deferred or normal validation is run in the following cases based on the state the\ncomponent is in and any validation errors encountered are either hidden or shown to user.\n<ul>\n <li>when disabled property changes. See <a href=\"#disabled\">disabled</a> property for details.</li>\n <li>when converter property changes. See <a href=\"#converter\">converter</a> property for details.</li>\n <li>when required property changes. See <a href=\"#required\">required</a> property for details.</li>\n <li>when validators property changes. See <a href=\"#validators\">validators</a> property for details.</li>\n</ul>\n\n<h3 id=\"deferred-messages-section\">\n  Showing Deferred Messages\n  <a class=\"bookmarkable-link\" title=\"Bookmarkable Link\" href=\"#deferred-messages-section\"></a>\n</h3>\nDeferred validation messages are displayed only when page author requests for it explicitly in\none of the following ways:\n<ul>\n<li>calls the <a href=\"#showMessages\"><code class=\"prettyprint\">showMessages</code></a> method on the component</li>\n</ul>\n\n<h3 id=\"deferred-validators-section\">\n  Validators Participating in Deferred Validation\n  <a class=\"bookmarkable-link\" title=\"Bookmarkable Link\" href=\"#deferred-validators-section\"></a>\n</h3>\nThe required validator is the only validator type that participates in deferred validation.\nThe required property needs to be set to true for the required validator to run.\n\n<h3 id=\"user-assistance-text-section\">\n  User Assistance Text\n  <a class=\"bookmarkable-link\" title=\"Bookmarkable Link\" href=\"#user-assistance-text-section\"></a>\n</h3>\n<p>\nUser assistive text provides guidance to help the user understand what data to enter or select.\n</p>\n<p>\nBy default all user assistance text shows inline.\nFor input components, it shows when the field takes focus. In other components\nit shows all the time. See the user-assistance-density property for other ways\nthe user assistance text can render, like in 'compact' mode, it will render as an icon on the label\nwhich when clicked will show the user assistance text in a notewindow.\n</p>\n<p>\nThe JET form component properties that are used for user assistance text are help.instruction,\nvalidator and converter hints, and help-hints.\nIn the Redwood theme for clarity only one user assistance text shows to the user.\nThe precedence rules are:\n<ul>\n<li>help.instruction shows;</li>\n<li>if no help.instruction, then validator hint shows;</li>\n<li>if no help.instruction or validator hint, then help-hints.definition shows;</li>\n<li>if no help.instruction, validator hint, or help-hints.definition, then converter hint shows.</li>\n<li>help-hints.source always shows along side the above.</li>\n</ul>\n</p>\n<p>Sometimes a validator or converter hint shows that you do not want to show. To not show it,\n set the display-options.validator-hint and/or display-options.converter-hint property to 'none'.\n</p>\n<p>required and placeholder properties also can be used to guide the user.\nIn Redwood, a required field shows the word Required under the field\nwhen the field is empty and does not have focus.\nPlaceholder is shown when the field is empty and has focus.\n</p>\n\n<h3 id=\"touch-section\">\n  Touch End User Information\n  <a class=\"bookmarkable-link\" title=\"Bookmarkable Link\" href=\"#touch-section\"></a>\n</h3>\n\n<table class=\"keyboard-table\">\n  <thead>\n    <tr>\n      <th>Target</th>\n      <th>Gesture</th>\n      <th>Action</th>\n    </tr>\n  </thead>\n  <tbody>\n    <tr>\n      <td>Input field</td>\n      <td><kbd>Tap</kbd></td>\n      <td> If the dropdown is not open, expand the dropdown list.\n      If hints, title or messages exist in a notewindow,\n       pop up the notewindow.</td>\n    </tr>\n    <tr>\n      <td>Arrow button</td>\n      <td><kbd>Tap</kbd></td>\n      <td> If the dropdown is not open, expand the dropdown list. Otherwise, close the dropdown list.</td>\n    </tr>\n    <tr>\n      <td>Option item</td>\n      <td><kbd>Tap</kbd></td>\n      <td> Tap on an option item in the dropdown list to select.</td>\n    </tr>\n    <tr>\n      <td>Selected values count</td>\n      <td><kbd>Tap</kbd></td>\n      <td> Toggle the dropdown list between the full list of items and the list of only\n      selected items. If the dropdown is not open, expand the dropdown list.</td>\n    </tr>\n    <tr>\n      <td>Back button (Mobile dropdown)</td>\n      <td><kbd>Tap</kbd></td>\n      <td>Discard any changes made to the dropdown selection and close the dropdown.</td>\n    </tr>\n    <tr>\n      <td>Apply button (Mobile dropdown)</td>\n      <td><kbd>Tap</kbd></td>\n      <td>Commit any changes made to the dropdown selection and close the dropdown.</td>\n    </tr>\n    <tr>\n      <td>Clear button (Mobile dropdown)</td>\n      <td><kbd>Tap</kbd></td>\n      <td>Clear any selections made along with any search text. The changes will be committed only when the Apply button is pressed.</td>\n    </tr>\n    <tr>\n      <td>Text tag's clear button (Mobile dropdown)</td>\n      <td><kbd>Tap</kbd></td>\n      <td>Remove the text tag and update the selections to reflect the removal. The changes will be committed only when the Apply button is pressed.</td>\n    </tr>\n    <tr>\n      <td>Text tag's clear button (Tablet)</td>\n      <td><kbd>Tap</kbd></td>\n      <td>Remove the text tag and update the selections & the value of the component to reflect the removal.</td>\n    </tr>\n  </tbody>\n</table>\n\n<h3 id=\"keyboard-section\">\n  Keyboard End User Information\n  <a class=\"bookmarkable-link\" title=\"Bookmarkable Link\" href=\"#keyboard-section\"></a>\n</h3>\n\n<table class=\"keyboard-table\">\n  <thead>\n    <tr>\n      <th>Target</th>\n      <th>Key</th>\n      <th>Action</th>\n    </tr>\n  </thead>\n  <tbody>\n    <tr>\n      <td>Option item</td>\n      <td><kbd>Space</kbd></td>\n      <td> Select the highlighted choice from the dropdown.</td>\n    </tr>\n    <tr>\n      <td>Input field</td>\n      <td><kbd>Esc</kbd></td>\n      <td> Collapse the dropdown list. If the dropdown is already closed, do nothing.</td>\n    </tr>\n    <tr>\n      <td>Input field</td>\n      <td><kbd>LeftArrow</kbd> or <kbd>RightArrow</kbd></td>\n      <td> Moves the focus to the last text tag if the cursor is at the beginning of the input field and <kbd>LeftArrow</kbd> (in LTR)\n      or <kdb>RightArrow</kbd> (in RTL) is pressed.</td>\n    </tr>\n    <tr>\n      <td>Text tag</td>\n      <td><kbd>LeftArrow</kbd> or <kbd>RightArrow</kbd></td>\n      <td> Moves the focus through the text tags. If the focus is on the last text tag and <kbd>RightArrow</kbd> (in LTR)\n      or <kdb>LeftArrow</kbd> (in RTL) is pressed, the focus will be put on the input field.</td>\n    </tr>\n    <tr>\n      <td>Text tag</td>\n      <td><kbd>Home</kbd></td>\n      <td> Moves the focus to the first text tag.</td>\n    </tr>\n    <tr>\n      <td>Text tag</td>\n      <td><kbd>End</kbd></td>\n      <td> Moves the focus to the last text tag.</td>\n    </tr>\n    <tr>\n      <td>Text tag</td>\n      <td><kbd>Ctrl + A</kbd> or <kbd>Command + A</kbd></td>\n      <td> Selects all the text tags.</td>\n    </tr>\n    <tr>\n      <td>Text tag</td>\n      <td><kbd>Delete</kbd> or <kbd>Backspace</kbd></td>\n      <td> Removes the current focused text tag and deselects the corresponding value. If all the tags are selected, removes all the tags and clears selection.\n      The focus is then moved to the input field.</td>\n    </tr>\n    <tr>\n      <td>Dropdown</td>\n      <td><kbd>UpArrow</kbd> or <kbd>DownArrow</kbd></td>\n      <td> Highlight the option item on the dropdown list in the direction of the arrow.\n        If the dropdown is not open, expand the dropdown list.</td>\n    </tr>\n    <tr>\n      <td>Dropdown</td>\n      <td><kbd>Esc</kbd></td>\n      <td> Collapse the dropdown list. If the dropdown is already closed, do nothing.</td>\n    </tr>\n    <tr>\n      <td>Selected values count</td>\n      <td><kbd>Enter</kbd> or <kbd>Space</kbd></td>\n      <td> Toggle the dropdown list between the full list of items and the list of only\n      selected items. If the dropdown is not open, expand the dropdown list.</td>\n    </tr>\n    <tr>\n      <td>Selected values count</td>\n      <td><kbd>Esc</kbd></td>\n      <td> Collapse the dropdown list. If the dropdown is already closed, do nothing.</td>\n    </tr>\n    <tr>\n      <td>Select</td>\n      <td><kbd>Tab In</kbd></td>\n      <td>Set focus to the Select. If hints, title or messages exist in a notewindow,\n       pop up the notewindow.</td>\n    </tr>\n  </tbody>\n</table>\n\n<h3 id=\"perf-section\">\n  Performance\n  <a class=\"bookmarkable-link\" title=\"Bookmarkable Link\" href=\"#perf-section\"></a>\n</h3>\n\n<h4>Page Load</h4>\n<p>If there are initially selected values, setting the <a href=\"#valueItems\">valueItems</a> attribute initially can improve page load performance because the element will not have to fetch the selected data from the data provider.</p>\n<p>The dropdown data isn't fetched until the user opens the dropdown.</p>\n\n<h3 id=\"a11y-section\">\n  Accessibility\n  <a class=\"bookmarkable-link\" title=\"Bookmarkable Link\" href=\"#a11y-section\"></a>\n</h3>\n\n<p>\nFor accessibility, set the <a href=\"#labelHint\">label-hint</a> property.\nIf there is no visible label, then to make this accessible to screen reader users,\nset the <a href=\"#labelHint\">label-hint</a> and <a href=\"#labelEdge\">label-edge</a>='none'\nwhich renders an aria-label with the label-hint text.\n</p>\n\n<p>\nThe placeholder text is not read reliably by the screen reader. For accessibility reasons,\nyou need to associate the text to its JET form component using aria-describedby.\n</p>\n\n<p>\nDisabled content: JET supports an accessible luminosity contrast ratio,\nas specified in <a href=\"http://www.w3.org/TR/WCAG20/#visual-audio-contrast-contrast\">WCAG 2.0 - Section 1.4.3 \"Contrast\"</a>,\nin the themes that are accessible.  (See the \"Theming\" chapter of the JET Developer Guide for more information on which\nthemes are accessible.)  Note that Section 1.4.3 says that text or images of text that are part of an inactive user\ninterface component have no contrast requirement.  Because disabled content may not meet the minimum contrast ratio\nrequired of enabled content, it cannot be used to convey meaningful information.\n</p>",
    "scope": "static",
    "tagWithoutBrackets": "oj-c-select-multiple",
    "tagWithBrackets": "<oj-c-select-multiple>",
    "domInterface": "CSelectMultipleElement",
    "ojPageTitle": "&lt;oj-c-select-multiple>",
    "ojcomponent": true,
    "isvcomponent": true,
    "camelCaseName": "SelectMultiple",
    "ojPageTitlePrefix": "Element: ",
    "ojtsvcomponent": true,
    "tstype": {
      "target": "Type",
      "value": "interface CSelectMultipleElement<K extends string | number,D extends Record<string, any>> extends JetElement<SelectMultipleElementSettableProperties<K,D>>"
    },
    "ojsignature": [
      {
        "target": "Type",
        "value": "interface CSelectMultipleElement<K extends string | number,D extends Record<string, any>> extends JetElement<SelectMultipleElementSettableProperties<K,D>>"
      }
    ],
    "since": "13.0.0",
    "tsdeprecated": [
      {
        "type": "supersedes",
        "since": "15.0.0",
        "value": [
          "oj-select-many"
        ]
      }
    ],
    "meta": {
      "filename": "select-multiple.tsx",
      "path": "/home/jenkins/uitech/workspace/OJET_Code_16.0.1/packages/oraclejet-core-pack/web/components/oj-c/select-multiple"
    },
    "ojmodule": "select-multiple"
  },
  {
    "memberof": "oj-c.SelectMultiple",
    "id": "oj-c.SelectMultiple#columnSpan",
    "name": "columnSpan",
    "kind": "member",
    "longname": "oj-c.SelectMultiple#columnSpan",
    "optional": true,
    "scope": "instance",
    "description": "Specifies how many columns this component should span.\nThis only takes effect when this component is a child of a form layout\nthat has direction 'row'.",
    "meta": {
      "filename": "select-multiple.tsx",
      "path": "/home/jenkins/uitech/workspace/OJET_Code_16.0.1/packages/oraclejet-core-pack/web/components/oj-c/select-multiple"
    },
    "defaultvalue": 1,
    "type": {
      "names": [
        "number"
      ]
    }
  },
  {
    "memberof": "oj-c.SelectMultiple",
    "id": "oj-c.SelectMultiple#containerReadonly",
    "name": "containerReadonly",
    "kind": "member",
    "longname": "oj-c.SelectMultiple#containerReadonly",
    "optional": true,
    "scope": "instance",
    "description": "Specifies whether an ancestor container, like oj-form-layout, is readonly.\nThis affects whether a readonly component renders in full or mixed readonly mode.\nThis is also currently used to determine if there is an ancestor container by checking if the value\nis not equal to undefined.",
    "meta": {
      "filename": "select-multiple.tsx",
      "path": "/home/jenkins/uitech/workspace/OJET_Code_16.0.1/packages/oraclejet-core-pack/web/components/oj-c/select-multiple"
    },
    "type": {
      "names": [
        "boolean"
      ]
    }
  },
  {
    "memberof": "oj-c.SelectMultiple",
    "id": "oj-c.SelectMultiple#data",
    "name": "data",
    "kind": "member",
    "longname": "oj-c.SelectMultiple#data",
    "optional": true,
    "scope": "instance",
    "description": "The data for the Select Multiple.",
    "meta": {
      "filename": "select-multiple.tsx",
      "path": "/home/jenkins/uitech/workspace/OJET_Code_16.0.1/packages/oraclejet-core-pack/web/components/oj-c/select-multiple"
    },
    "defaultvalue": null,
    "type": {
      "names": [
        "DataProvider|null"
      ]
    },
    "tstype": [
      {
        "target": "Type",
        "value": "DataProvider<K, D>|null",
        "jsdocOverride": true
      }
    ]
  },
  {
    "memberof": "oj-c.SelectMultiple",
    "id": "oj-c.SelectMultiple#disabled",
    "name": "disabled",
    "kind": "member",
    "longname": "oj-c.SelectMultiple#disabled",
    "optional": true,
    "scope": "instance",
    "description": "Whether the component is disabled. The default is false.\n\n<p>\nWhen the <code class=\"prettyprint\">disabled</code> property changes due to programmatic\nintervention, the component may clear messages and run validation in some cases. </br>\n<ul>\n<li>when a required component is initialized as disabled\n<code class=\"prettyprint\">value=\"{{currentValue}}\" required disabled</code>,\ndeferred validation is skipped.</li>\n<li>when a disabled component is enabled,\n <ul>\n <li>if component is invalid and showing messages then all component messages are cleared,\n and full validation run using the display value.\n  <ul>\n   <li>if there are validation errors, they are shown.</li>\n   <li>if no errors result from the validation, the <code class=\"prettyprint\">value</code>\n   property is updated. Page authors can listen to the <code class=\"prettyprint\">valueChanged</code>\n   event to clear custom errors.</li>\n  </ul>\n </li>\n\n <li>if component is valid and has no errors then deferred validation is run.\n   <ul>\n   <li>if there is a deferred validation error, then the valid property is updated. </li>\n   </ul>\n </li>\n <li>if component is invalid and deferred errors then component messages are cleared and\n deferred validation re-run.\n   <ul>\n   <li>if there is a deferred validation error, then the valid property is updated.</li>\n   </ul>\n </li>\n </ul>\n</li>\n<li>when enabled component is disabled then no validation is run and the component appears\ndisabled.</li>\n</ul>\n</p>",
    "meta": {
      "filename": "select-multiple.tsx",
      "path": "/home/jenkins/uitech/workspace/OJET_Code_16.0.1/packages/oraclejet-core-pack/web/components/oj-c/select-multiple"
    },
    "defaultvalue": false,
    "type": {
      "names": [
        "boolean"
      ]
    }
  },
  {
    "memberof": "oj-c.SelectMultiple",
    "id": "oj-c.SelectMultiple#displayOptions",
    "name": "displayOptions",
    "kind": "member",
    "longname": "oj-c.SelectMultiple#displayOptions",
    "optional": true,
    "scope": "instance",
    "description": "Display options for auxiliary content that determines whether or not it should be displayed.",
    "meta": {
      "filename": "select-multiple.tsx",
      "path": "/home/jenkins/uitech/workspace/OJET_Code_16.0.1/packages/oraclejet-core-pack/web/components/oj-c/select-multiple"
    },
    "type": {
      "names": [
        "object"
      ]
    },
    "tstype": [
      {
        "target": "Type",
        "value": "oj-c.SelectMultiple.DisplayOptions",
        "jsdocOverride": true
      }
    ]
  },
  {
    "memberof": "oj-c.SelectMultiple",
    "id": "oj-c.SelectMultiple#help",
    "name": "help",
    "kind": "member",
    "longname": "oj-c.SelectMultiple#help",
    "optional": true,
    "scope": "instance",
    "description": "Form component help information.",
    "meta": {
      "filename": "select-multiple.tsx",
      "path": "/home/jenkins/uitech/workspace/OJET_Code_16.0.1/packages/oraclejet-core-pack/web/components/oj-c/select-multiple"
    },
    "type": {
      "names": [
        "object"
      ]
    },
    "tstype": [
      {
        "target": "Type",
        "value": "oj-c.SelectMultiple.Help",
        "jsdocOverride": true
      }
    ]
  },
  {
    "memberof": "oj-c.SelectMultiple",
    "id": "oj-c.SelectMultiple#helpHints",
    "name": "helpHints",
    "kind": "member",
    "longname": "oj-c.SelectMultiple#helpHints",
    "optional": true,
    "scope": "instance",
    "description": "The helpHints object contains a definition property and a source property.",
    "meta": {
      "filename": "select-multiple.tsx",
      "path": "/home/jenkins/uitech/workspace/OJET_Code_16.0.1/packages/oraclejet-core-pack/web/components/oj-c/select-multiple"
    },
    "type": {
      "names": [
        "object"
      ]
    },
    "tstype": [
      {
        "target": "Type",
        "value": "oj-c.SelectMultiple.HelpHints",
        "jsdocOverride": true
      }
    ]
  },
  {
    "memberof": "oj-c.SelectMultiple",
    "id": "oj-c.SelectMultiple#itemText",
    "name": "itemText",
    "kind": "member",
    "longname": "oj-c.SelectMultiple#itemText",
    "optional": false,
    "scope": "instance",
    "description": "Specifies how to get the text string to render for a data item.\nThis attribute can be set to either:\n<ul>\n<li>a string that specifies the name of a top level data attribute to render as text, or</li>\n<li>a callback function that takes a properties object and returns the text string to\ndisplay</li>\n</ul>\n\n<p>This text will be rendered for the selected value of the component and for each data item\nin the dropdown.  When rendered for the dropdown items, default matching search term\nhighlighting will be applied.</p>",
    "meta": {
      "filename": "select-multiple.tsx",
      "path": "/home/jenkins/uitech/workspace/OJET_Code_16.0.1/packages/oraclejet-core-pack/web/components/oj-c/select-multiple"
    },
    "type": {
      "names": [
        "string|number|function"
      ]
    },
    "tstype": [
      {
        "target": "Type",
        "value": "keyof D|(itemContext: ItemContext<K, D>) => string",
        "jsdocOverride": true,
        "module": {
          "ItemContext": "ojcommontypes"
        }
      }
    ]
  },
  {
    "memberof": "oj-c.SelectMultiple",
    "id": "oj-c.SelectMultiple#labelEdge",
    "name": "labelEdge",
    "kind": "member",
    "longname": "oj-c.SelectMultiple#labelEdge",
    "optional": true,
    "scope": "instance",
    "description": "Specifies how the label of the component is positioned when the label-hint\nattribute is set on the component.",
    "meta": {
      "filename": "select-multiple.tsx",
      "path": "/home/jenkins/uitech/workspace/OJET_Code_16.0.1/packages/oraclejet-core-pack/web/components/oj-c/select-multiple"
    },
    "ojvalues": [
      {
        "name": "inside",
        "description": "The label floats over the input element, but moves up on focus or when the component has a value (default, if unspecified).",
        "displayName": "Inside",
        "type": {
          "names": [
            "string"
          ]
        }
      },
      {
        "name": "none",
        "description": "The component will not create a label, but instead set the aria-label property on the input element.",
        "displayName": "None",
        "type": {
          "names": [
            "string"
          ]
        }
      },
      {
        "name": "start",
        "description": "The label will be placed before the start of the component.",
        "displayName": "Start",
        "type": {
          "names": [
            "string"
          ]
        }
      },
      {
        "name": "top",
        "description": "The label will be placed on top of the component.",
        "displayName": "Top",
        "type": {
          "names": [
            "string"
          ]
        }
      }
    ],
    "type": {
      "names": [
        "\"none\"",
        "\"start\"",
        "\"top\"",
        "\"inside\""
      ]
    }
  },
  {
    "memberof": "oj-c.SelectMultiple",
    "id": "oj-c.SelectMultiple#labelHint",
    "name": "labelHint",
    "kind": "member",
    "longname": "oj-c.SelectMultiple#labelHint",
    "optional": false,
    "scope": "instance",
    "description": "Represents a hint for rendering a label on the component.\nThis is used in combination with the label-edge attribute to control how the label should be rendered.",
    "meta": {
      "filename": "select-multiple.tsx",
      "path": "/home/jenkins/uitech/workspace/OJET_Code_16.0.1/packages/oraclejet-core-pack/web/components/oj-c/select-multiple"
    },
    "type": {
      "names": [
        "string"
      ]
    }
  },
  {
    "memberof": "oj-c.SelectMultiple",
    "id": "oj-c.SelectMultiple#labelStartWidth",
    "name": "labelStartWidth",
    "kind": "member",
    "longname": "oj-c.SelectMultiple#labelStartWidth",
    "optional": true,
    "scope": "instance",
    "description": "<p> The width of the label when labelEdge is 'start'.</p>\n<p> This attribute accepts values of type\n<code>0 | `--${string}` | `${number}%` | `${number}x` | `calc(${string})`</code></p>",
    "meta": {
      "filename": "select-multiple.tsx",
      "path": "/home/jenkins/uitech/workspace/OJET_Code_16.0.1/packages/oraclejet-core-pack/web/components/oj-c/select-multiple"
    },
    "type": {
      "names": [
        "number|string"
      ]
    },
    "tstype": [
      {
        "target": "Type",
        "value": "Size",
        "jsdocOverride": true
      }
    ]
  },
  {
    "memberof": "oj-c.SelectMultiple",
    "id": "oj-c.SelectMultiple#labelWrapping",
    "name": "labelWrapping",
    "kind": "member",
    "longname": "oj-c.SelectMultiple#labelWrapping",
    "optional": true,
    "scope": "instance",
    "description": "Should the labels wrap or truncate when there is not enough available space.",
    "meta": {
      "filename": "select-multiple.tsx",
      "path": "/home/jenkins/uitech/workspace/OJET_Code_16.0.1/packages/oraclejet-core-pack/web/components/oj-c/select-multiple"
    },
    "ojvalues": [
      {
        "name": "truncate",
        "description": "Label will truncate if needed.",
        "displayName": "Truncate",
        "type": {
          "names": [
            "string"
          ]
        }
      },
      {
        "name": "wrap",
        "description": "Label will wrap if needed.",
        "displayName": "Wrap",
        "type": {
          "names": [
            "string"
          ]
        }
      }
    ],
    "type": {
      "names": [
        "\"truncate\"",
        "\"wrap\""
      ]
    }
  },
  {
    "memberof": "oj-c.SelectMultiple",
    "id": "oj-c.SelectMultiple#messagesCustom",
    "name": "messagesCustom",
    "kind": "member",
    "longname": "oj-c.SelectMultiple#messagesCustom",
    "optional": true,
    "scope": "instance",
    "ojwriteback": true,
    "description": "List of messages an app would add to the component when it has business/custom validation\nerrors that it wants the component to show. This allows the app to perform further validation\nbefore sending data to the server. When this option is set the message shows to the\nuser right away. To clear the custom message, set <code class=\"prettyprint\">messagesCustom</code>\nback to an empty array.<br/>\n<p>\nSee the <a href=\"#validation-section\">Validation and Messages</a> section\nfor details on when the component clears <code class=\"prettyprint\">messagesCustom</code>;\nfor example, when full validation is run.\n</p>",
    "meta": {
      "filename": "select-multiple.tsx",
      "path": "/home/jenkins/uitech/workspace/OJET_Code_16.0.1/packages/oraclejet-core-pack/web/components/oj-c/select-multiple"
    },
    "defaultvalue": "[]",
    "type": {
      "names": [
        "Array<object>"
      ]
    },
    "tstype": [
      {
        "target": "Type",
        "value": "Array<oj-c.SelectMultiple.ComponentMessageItem>",
        "jsdocOverride": true
      }
    ]
  },
  {
    "memberof": "oj-c.SelectMultiple",
    "id": "oj-c.SelectMultiple#placeholder",
    "name": "placeholder",
    "kind": "member",
    "longname": "oj-c.SelectMultiple#placeholder",
    "optional": true,
    "scope": "instance",
    "description": "The placeholder text to set on the element.",
    "meta": {
      "filename": "select-multiple.tsx",
      "path": "/home/jenkins/uitech/workspace/OJET_Code_16.0.1/packages/oraclejet-core-pack/web/components/oj-c/select-multiple"
    },
    "type": {
      "names": [
        "string"
      ]
    }
  },
  {
    "memberof": "oj-c.SelectMultiple",
    "id": "oj-c.SelectMultiple#readonly",
    "name": "readonly",
    "kind": "member",
    "longname": "oj-c.SelectMultiple#readonly",
    "optional": true,
    "scope": "instance",
    "description": "Whether the component is readonly. The readonly property sets or returns whether an element\nis readonly, or not. A readonly element cannot be modified. However, a user can tab to it,\nhighlight it, focus on it, and copy the text from it. If you want to prevent the user from\ninteracting with the element, use the disabled property instead.",
    "meta": {
      "filename": "select-multiple.tsx",
      "path": "/home/jenkins/uitech/workspace/OJET_Code_16.0.1/packages/oraclejet-core-pack/web/components/oj-c/select-multiple"
    },
    "defaultvalue": false,
    "type": {
      "names": [
        "boolean"
      ]
    }
  },
  {
    "memberof": "oj-c.SelectMultiple",
    "id": "oj-c.SelectMultiple#required",
    "name": "required",
    "kind": "member",
    "longname": "oj-c.SelectMultiple#required",
    "optional": true,
    "scope": "instance",
    "description": "<p>\nThis property set to <code class=\"prettyprint\">false</code> implies that a value is not required to be provided by the user.\nThis is the default.\nThis property set to <code class=\"prettyprint\">true</code> implies that a value is required to be provided by the user.\n</p>\n<p>\nIn the Redwood theme, by default, a Required text is rendered inline when the field is empty.\nIf user-assistance-density is 'compact', it will show on the label as an icon.\n</p>\n<p>The Required error text is based on Redwood UX designs, and it is not recommended that\nit be changed.\nTo override the required error message,\nuse the <code class=\"prettyprint\">required-message-detail</code> attribute.\nThe component's label text is passed in as a token {label} and can be used in the message detail.\n</p>\n<p>When required is set to true, an implicit\nrequired validator is created, i.e.,\n<code class=\"prettyprint\">new RequiredValidator()</code>. The required validator is the only\nvalidator to run during initial render, and its error is not shown to the user at this time;\nthis is called deferred validation. The required validator also runs during normal validation;\nthis is when the errors are shown to the user.\nSee the <a href=\"#validation-section\">Validation and Messaging</a> section for details.\n</p>\n<p>\nWhen the <code class=\"prettyprint\">required</code> property changes due to programmatic intervention,\nthe component may clear component messages and run validation, based on the current state it's in. </br>\n\n<h4>Running Validation when required property changes</h4>\n<ul>\n<li>if component is valid when required is set to true, then it runs deferred validation on\nthe value property. If the field is empty, the valid state is invalidHidden. No errors are\nshown to the user.\n</li>\n<li>if component is valid when required is set from true to false, then no validation is run.\n</li>\n<li>if component is invalid and has deferred messages (invalidHidden) when required is set to false, then\ncomponent messages are cleared (messages-custom messages are not cleared)\nbut no deferred validation is run because required is false.\n</li>\n<li>if component is invalid and currently showing invalid messages (invalidShown) when required is changed\nto either true or false, then\ncomponent messages are cleared and normal validation is run using the current display value.\n<ul>\n  <li>if there are validation errors, then <code class=\"prettyprint\">value</code>\n  property is not updated and the error is shown.\n  </li>\n  <li>if no errors result from the validation, the <code class=\"prettyprint\">value</code>\n  property is updated; page author can listen to the <code class=\"prettyprint\">valueChanged</code>\n  event on the component to clear custom errors.</li>\n</ul>\n</li>\n</ul>\n\n<h4>Clearing Messages when required property changes</h4>\n<ul>\n<li>Only messages created by the component, like validation messages, are cleared when the required property changes.</li>\n<li><code class=\"prettyprint\">messagesCustom</code> property is not cleared.</li>\n</ul>\n\n</p>",
    "meta": {
      "filename": "select-multiple.tsx",
      "path": "/home/jenkins/uitech/workspace/OJET_Code_16.0.1/packages/oraclejet-core-pack/web/components/oj-c/select-multiple"
    },
    "defaultvalue": false,
    "type": {
      "names": [
        "boolean"
      ]
    }
  },
  {
    "memberof": "oj-c.SelectMultiple",
    "id": "oj-c.SelectMultiple#requiredMessageDetail",
    "name": "requiredMessageDetail",
    "kind": "member",
    "longname": "oj-c.SelectMultiple#requiredMessageDetail",
    "optional": true,
    "scope": "instance",
    "description": "<p>\nThe component-specific message detail when the required validation fails.\nIf the component needs a required validation error message that is different from the default,\nset this property. It should be a translated string.\n</p>",
    "meta": {
      "filename": "select-multiple.tsx",
      "path": "/home/jenkins/uitech/workspace/OJET_Code_16.0.1/packages/oraclejet-core-pack/web/components/oj-c/select-multiple"
    },
    "type": {
      "names": [
        "string"
      ]
    }
  },
  {
    "memberof": "oj-c.SelectMultiple",
    "id": "oj-c.SelectMultiple#textAlign",
    "name": "textAlign",
    "kind": "member",
    "longname": "oj-c.SelectMultiple#textAlign",
    "optional": true,
    "scope": "instance",
    "description": "Specifies how the text is aligned within the text field",
    "meta": {
      "filename": "select-multiple.tsx",
      "path": "/home/jenkins/uitech/workspace/OJET_Code_16.0.1/packages/oraclejet-core-pack/web/components/oj-c/select-multiple"
    },
    "ojvalues": [
      {
        "name": "start",
        "description": "Aligns text left when reading direction is ltr and right when reading direction is rtl (default, if unspecified).",
        "displayName": "Start",
        "type": {
          "names": [
            "string"
          ]
        }
      },
      {
        "name": "end",
        "description": "Aligns text right when reading direction is ltr and left when reading direction is rtl.",
        "displayName": "End",
        "type": {
          "names": [
            "string"
          ]
        }
      },
      {
        "name": "right",
        "description": "Aligns text right regardless of reading direction, often used for numbers.",
        "displayName": "Right",
        "type": {
          "names": [
            "string"
          ]
        }
      }
    ],
    "type": {
      "names": [
        "\"end\"",
        "\"start\"",
        "\"right\""
      ]
    }
  },
  {
    "memberof": "oj-c.SelectMultiple",
    "id": "oj-c.SelectMultiple#unsafe_labelledBy",
    "name": "unsafe_labelledBy",
    "kind": "member",
    "longname": "oj-c.SelectMultiple#unsafe_labelledBy",
    "optional": true,
    "scope": "instance",
    "description": "This is temporary unsafe API for JET-52089. It enables a wrapper VComponent to pass\nthe id of an external label that it wants to associate with the inner input.",
    "ojhidden": true,
    "meta": {
      "filename": "select-multiple.tsx",
      "path": "/home/jenkins/uitech/workspace/OJET_Code_16.0.1/packages/oraclejet-core-pack/web/components/oj-c/select-multiple"
    },
    "type": {
      "names": [
        "string"
      ]
    }
  },
  {
    "memberof": "oj-c.SelectMultiple",
    "id": "oj-c.SelectMultiple#userAssistanceDensity",
    "name": "userAssistanceDensity",
    "kind": "member",
    "longname": "oj-c.SelectMultiple#userAssistanceDensity",
    "optional": true,
    "scope": "instance",
    "description": "Specifies the density of the form component's user assistance presentation. It can be shown inline with\nreserved rows to prevent reflow if a user assistance text shows up, inline without reserved rows that would\nreflow if a user assistance text shows up, or it can be shown compactly in a popup instead.",
    "meta": {
      "filename": "select-multiple.tsx",
      "path": "/home/jenkins/uitech/workspace/OJET_Code_16.0.1/packages/oraclejet-core-pack/web/components/oj-c/select-multiple"
    },
    "ojvalues": [
      {
        "name": "reflow",
        "description": "Messages, help, hints, and required are all shown inline under the field with no reserved space.",
        "displayName": "Reflow",
        "type": {
          "names": [
            "string"
          ]
        }
      },
      {
        "name": "efficient",
        "description": "Messages, help, hints, and required are all shown inline under the field with reserved space.",
        "displayName": "Efficient",
        "type": {
          "names": [
            "string"
          ]
        }
      },
      {
        "name": "compact",
        "description": "Messages, help, hints, and required will not be shown inline; they will show in a mode that keeps the screen more compact, like a popup for the messages, and a required icon to indicate Required.",
        "displayName": "Compact",
        "type": {
          "names": [
            "string"
          ]
        }
      }
    ],
    "defaultvalue": "\"reflow\"",
    "type": {
      "names": [
        "\"compact\"",
        "\"reflow\"",
        "\"efficient\""
      ]
    }
  },
  {
    "memberof": "oj-c.SelectMultiple",
    "id": "oj-c.SelectMultiple#value",
    "name": "value",
    "kind": "member",
    "longname": "oj-c.SelectMultiple#value",
    "optional": true,
    "scope": "instance",
    "ojwriteback": true,
    "description": "The value of the component.\n\n<p>\nWhen the <code class=\"prettyprint\">value</code> property changes due to programmatic\nintervention, the component always clears all messages\nincluding <code class=\"prettyprint\">messagesCustom</code>, runs deferred validation, and\nalways refreshes the UI display value.</br>\n\n<h4>Running Validation</h4>\n<ul>\n<li>component always runs deferred validation; the\n<code class=\"prettyprint\">valid</code> property is updated with the result.</li>\n</ul>\n</p>",
    "meta": {
      "filename": "select-multiple.tsx",
      "path": "/home/jenkins/uitech/workspace/OJET_Code_16.0.1/packages/oraclejet-core-pack/web/components/oj-c/select-multiple"
    },
    "defaultvalue": null,
    "type": {
      "names": [
        "object|null"
      ]
    },
    "tstype": [
      {
        "target": "Type",
        "value": "Set<K>|null",
        "jsdocOverride": true
      }
    ]
  },
  {
    "memberof": "oj-c.SelectMultiple",
    "id": "oj-c.SelectMultiple#valueItems",
    "name": "valueItems",
    "kind": "member",
    "longname": "oj-c.SelectMultiple#valueItems",
    "optional": true,
    "scope": "instance",
    "ojwriteback": true,
    "description": "The <code class=\"prettyprint\">valueItems</code> is similar to the\n<code class=\"prettyprint\">value</code>, but is a map of objects that\ncontain both a key and data, and optional metadata.\nThe keys will be set as the <code class=\"prettyprint\">value</code> of the element.\nThe <code class=\"prettyprint\">value</code> and <code class=\"prettyprint\">valueItems</code>\nare kept in sync, both during programmatic property sets as well as during interactive user\nselection.\nIf initially both are set, the selected values in the <code class=\"prettyprint\">value</code>\nattribute have precedence.\n<p>Note: If there is an initial selection, setting it via the\n<code class=\"prettyprint\">valueItems</code> attribute initially can improve page load\nperformance because the element will not have to fetch the selected data from the data\nprovider.</p>\n<p>If <code class=\"prettyprint\">valueItems</code> is not specified or the selected value is\nmissing, then the selected data will be fetched from the data provider.</p>",
    "meta": {
      "filename": "select-multiple.tsx",
      "path": "/home/jenkins/uitech/workspace/OJET_Code_16.0.1/packages/oraclejet-core-pack/web/components/oj-c/select-multiple"
    },
    "defaultvalue": null,
    "type": {
      "names": [
        "object|null"
      ]
    },
    "tstype": [
      {
        "target": "Type",
        "value": "Map<K, ItemContext<K, D>>|null",
        "jsdocOverride": true
      }
    ]
  },
  {
    "memberof": "oj-c.SelectMultiple",
    "id": "oj-c.SelectMultiple#virtualKeyboard",
    "name": "virtualKeyboard",
    "kind": "member",
    "longname": "oj-c.SelectMultiple#virtualKeyboard",
    "optional": true,
    "scope": "instance",
    "description": "The type of virtual keyboard to display for entering a value on mobile browsers. This attribute has no effect on desktop browsers.",
    "meta": {
      "filename": "select-multiple.tsx",
      "path": "/home/jenkins/uitech/workspace/OJET_Code_16.0.1/packages/oraclejet-core-pack/web/components/oj-c/select-multiple"
    },
    "ojvalues": [
      {
        "name": "number",
        "description": "Use a mobile virtual keyboard for entering numbers. Note that on Android and Windows Mobile, the 'number' keyboard does not contain the minus sign. This value should not be used on fields that accept negative values.",
        "displayName": "Number",
        "type": {
          "names": [
            "string"
          ]
        }
      },
      {
        "name": "auto",
        "description": "The component will determine the best mobile virtual keyboard to use (default, if unspecified).",
        "displayName": "Auto",
        "type": {
          "names": [
            "string"
          ]
        }
      },
      {
        "name": "email",
        "description": "Use a mobile virtual keyboard for entering email addresses.",
        "displayName": "Email",
        "type": {
          "names": [
            "string"
          ]
        }
      },
      {
        "name": "search",
        "description": "Use a mobile virtual keyboard for entering search terms.",
        "displayName": "Search",
        "type": {
          "names": [
            "string"
          ]
        }
      },
      {
        "name": "tel",
        "description": "Use a mobile virtual keyboard for entering telephone numbers.",
        "displayName": "Tel",
        "type": {
          "names": [
            "string"
          ]
        }
      },
      {
        "name": "text",
        "description": "Use a mobile virtual keyboard for entering text.",
        "displayName": "Text",
        "type": {
          "names": [
            "string"
          ]
        }
      },
      {
        "name": "url",
        "description": "Use a mobile virtual keyboard for URL entry.",
        "displayName": "URL",
        "type": {
          "names": [
            "string"
          ]
        }
      }
    ],
    "defaultvalue": "\"auto\"",
    "type": {
      "names": [
        "\"number\"",
        "\"search\"",
        "\"auto\"",
        "\"url\"",
        "\"text\"",
        "\"email\"",
        "\"tel\""
      ]
    }
  },
  {
    "memberof": "oj-c.SelectMultiple",
    "id": "oj-c.SelectMultiple#valid",
    "name": "valid",
    "kind": "member",
    "longname": "oj-c.SelectMultiple#valid",
    "optional": true,
    "scope": "instance",
    "ojwriteback": true,
    "readonly": true,
    "description": "<p>\nThe current valid state of the component. It is evaluated on initial render.\nIt is re-evaluated\n<ul>\n  <li>after each validator (validators or async-validators) is run (full or deferred)</li>\n  <li>when messagesCustom is updated,\n  since messagesCustom can be added by the app developer any time.</li>\n  <li>when showMessages() is called. Since showMessages() moves the\n  hidden messages into messages shown,\n  if the valid state was \"invalidHidden\" then it would become \"invalidShown\".</li>\n  <li>when the required property has changed. If a component is empty and has required\n  set, the valid state may be \"invalidHidden\" (if no invalid messages are being shown as well).\n  If required property is removed, the valid state would change to \"valid\".</li>\n</ul>\n</p>\n<p>\n Note: New valid states may be added to the list of valid values in future releases.\n Any new values will start with \"invalid\"\n if it is an invalid state, \"pending\" if it is pending state,\n and \"valid\" if it is a valid state.\n</p>",
    "meta": {
      "filename": "select-multiple.tsx",
      "path": "/home/jenkins/uitech/workspace/OJET_Code_16.0.1/packages/oraclejet-core-pack/web/components/oj-c/select-multiple"
    },
    "ojvalues": [
      {
        "name": "valid",
        "description": "The component is valid",
        "displayName": "Valid",
        "type": {
          "names": [
            "string"
          ]
        }
      },
      {
        "name": "pending",
        "description": "The component is waiting for the validation state to be determined. The 'pending' state is set at the start of the convert/validate process.",
        "displayName": "Pending",
        "type": {
          "names": [
            "string"
          ]
        }
      },
      {
        "name": "invalidHidden",
        "description": "The component has invalid messages hidden and no invalid messages showing. An invalid message is one with severity 'error'.",
        "displayName": "Invalid Hidden",
        "type": {
          "names": [
            "string"
          ]
        }
      },
      {
        "name": "invalidShown",
        "description": "The component has invalid messages showing. An invalid message is one with severity 'error'.",
        "displayName": "Invalid Shown",
        "type": {
          "names": [
            "string"
          ]
        }
      }
    ],
    "type": {
      "names": [
        "\"pending\"",
        "\"valid\"",
        "\"invalidHidden\"",
        "\"invalidShown\""
      ]
    }
  },
  {
    "memberof": "oj-c.SelectMultiple",
    "id": "oj-c.SelectMultiple#reset",
    "name": "reset",
    "kind": "function",
    "longname": "oj-c.SelectMultiple#reset",
    "description": "Resets the component by clearing all messages and messagesCustom attribute\nand updates the component's display value using the attribute value.\nUser entered values will be erased when this method is called.",
    "meta": {
      "filename": "select-multiple.tsx",
      "path": "/home/jenkins/uitech/workspace/OJET_Code_16.0.1/packages/oraclejet-core-pack/web/components/oj-c/select-multiple"
    },
    "scope": "instance",
    "returns": [
      {
        "type": {
          "names": [
            "any"
          ]
        }
      }
    ]
  },
  {
    "memberof": "oj-c.SelectMultiple",
    "id": "oj-c.SelectMultiple#showMessages",
    "name": "showMessages",
    "kind": "function",
    "longname": "oj-c.SelectMultiple#showMessages",
    "description": "Takes all deferred messages and shows them.\nIt then updates the valid property;\ne.g., if the valid state was \"invalidHidden\" before showMessages(),\nthe valid state will become \"invalidShown\" after showMessages().\nIf there were no deferred messages this method simply returns.",
    "meta": {
      "filename": "select-multiple.tsx",
      "path": "/home/jenkins/uitech/workspace/OJET_Code_16.0.1/packages/oraclejet-core-pack/web/components/oj-c/select-multiple"
    },
    "scope": "instance",
    "returns": [
      {
        "type": {
          "names": [
            "any"
          ]
        }
      }
    ]
  },
  {
    "memberof": "oj-c.SelectMultiple",
    "id": "oj-c.SelectMultiple#validate",
    "name": "validate",
    "kind": "function",
    "longname": "oj-c.SelectMultiple#validate",
    "description": "If enabled, validates the component's display value using the converter and\nall validators registered on the component and updates the value\noption by performing the following steps.\n<ol>\n<li>All messages are cleared, including custom messages added by the app.</li>\n<li>\n If no converter is present then processing continues to next step. If a converter is present,\n the UI value is first converted (i.e., parsed). If there is a parse error then the messages are shown.\n</li>\n<li>\n If there are no validators setup for the component the value option is updated using the display value.\n Otherwise all validators are run in sequence using the parsed value from the previous step.\n The implicit required validator is run first if the component is marked required.\n When a validation error is encountered it is remembered and the next validator in the sequence is run.\n</li>\n<li>\n At the end of validation if there are errors, the messages are shown.\n If there were no errors, then the value option is updated.\n</li>\n</ol>\n<p>If the component is readonly or disabled, returns a Promise that resolves to 'valid'\nwithout doing any validation.</p>",
    "meta": {
      "filename": "select-multiple.tsx",
      "path": "/home/jenkins/uitech/workspace/OJET_Code_16.0.1/packages/oraclejet-core-pack/web/components/oj-c/select-multiple"
    },
    "scope": "instance",
    "returns": [
      {
        "type": {
          "names": [
            "Promise"
          ]
        },
        "description": "Promise resolves to \"valid\" if there were no converter parse errors and the component\npassed all validations. The Promise resolves to \"valid\" if the component is disabled or readonly.\nThe Promise resolves to \"invalid\" if there were converter\nparse errors or if there were validation errors."
      }
    ]
  },
  {
    "memberof": "oj-c.SelectMultiple",
    "id": "oj-c.SelectMultiple#blur",
    "name": "blur",
    "kind": "function",
    "longname": "oj-c.SelectMultiple#blur",
    "description": "blurs the input field",
    "ojhidden": true,
    "meta": {
      "filename": "select-multiple.tsx",
      "path": "/home/jenkins/uitech/workspace/OJET_Code_16.0.1/packages/oraclejet-core-pack/web/components/oj-c/select-multiple"
    },
    "scope": "instance",
    "returns": [
      {
        "type": {
          "names": [
            "any"
          ]
        }
      }
    ]
  },
  {
    "memberof": "oj-c.SelectMultiple",
    "id": "oj-c.SelectMultiple#focus",
    "name": "focus",
    "kind": "function",
    "longname": "oj-c.SelectMultiple#focus",
    "description": "focuses the input field",
    "ojhidden": true,
    "meta": {
      "filename": "select-multiple.tsx",
      "path": "/home/jenkins/uitech/workspace/OJET_Code_16.0.1/packages/oraclejet-core-pack/web/components/oj-c/select-multiple"
    },
    "scope": "instance",
    "returns": [
      {
        "type": {
          "names": [
            "any"
          ]
        }
      }
    ]
  },
  {
    "memberof": "oj-c.SelectMultiple",
    "id": "oj-c.SelectMultiple#_selectItemsByValue",
    "name": "_selectItemsByValue",
    "kind": "function",
    "longname": "oj-c.SelectMultiple#_selectItemsByValue",
    "description": "This method imitates an option selection from the dropdown by using keys of items\nfrom the options. This is used by the WebElement implementation of oj-c-select-multiple.",
    "ojhidden": true,
    "params": [
      {
        "name": "value",
        "description": "The value to be selected",
        "type": "object|null"
      }
    ],
    "meta": {
      "filename": "select-multiple.tsx",
      "path": "/home/jenkins/uitech/workspace/OJET_Code_16.0.1/packages/oraclejet-core-pack/web/components/oj-c/select-multiple"
    },
    "scope": "instance",
    "returns": [
      {
        "type": {
          "names": [
            "any"
          ]
        },
        "description": "A Promise that resolves once the operation is completed"
      }
    ]
  },
  {
    "memberof": "oj-c.SelectMultiple",
    "id": "oj-c.SelectMultiple#setProperty",
    "name": "setProperty",
    "kind": "function",
    "longname": "oj-c.SelectMultiple#setProperty",
    "description": "Sets a property or a single subproperty for complex properties and notifies the component of the change, triggering a corresponding event.",
    "meta": {
      "filename": "select-multiple.tsx",
      "path": "/home/jenkins/uitech/workspace/OJET_Code_16.0.1/packages/oraclejet-core-pack/web/components/oj-c/select-multiple"
    },
    "scope": "instance",
    "params": [
      {
        "name": "property",
        "description": "The property name to set. Supports dot notation for subproperty access.",
        "type": "string"
      },
      {
        "name": "value",
        "description": "The new value to set the property to.",
        "type": "any"
      }
    ],
    "returns": [
      {
        "type": {
          "names": [
            "void"
          ]
        }
      }
    ]
  },
  {
    "memberof": "oj-c.SelectMultiple",
    "id": "oj-c.SelectMultiple#getProperty",
    "name": "getProperty",
    "kind": "function",
    "longname": "oj-c.SelectMultiple#getProperty",
    "description": "Retrieves the value of a property or a subproperty.",
    "meta": {
      "filename": "select-multiple.tsx",
      "path": "/home/jenkins/uitech/workspace/OJET_Code_16.0.1/packages/oraclejet-core-pack/web/components/oj-c/select-multiple"
    },
    "scope": "instance",
    "params": [
      {
        "name": "property",
        "description": "The property name to get. Supports dot notation for subproperty access.",
        "type": "string"
      }
    ],
    "returns": [
      {
        "type": {
          "names": [
            "any"
          ]
        }
      }
    ]
  },
  {
    "memberof": "oj-c.SelectMultiple",
    "id": "oj-c.SelectMultiple#setProperties",
    "name": "setProperties",
    "kind": "function",
    "longname": "oj-c.SelectMultiple#setProperties",
    "description": "Performs a batch set of properties.",
    "meta": {
      "filename": "select-multiple.tsx",
      "path": "/home/jenkins/uitech/workspace/OJET_Code_16.0.1/packages/oraclejet-core-pack/web/components/oj-c/select-multiple"
    },
    "scope": "instance",
    "params": [
      {
        "name": "properties",
        "description": "An object containing the property and value pairs to set.",
        "type": "object"
      }
    ],
    "returns": [
      {
        "type": {
          "names": [
            "void"
          ]
        }
      }
    ]
  },
  {
    "memberof": "oj-c.SelectMultiple",
    "id": "oj-c.SelectMultiple#itemTemplate",
    "name": "itemTemplate",
    "kind": "member",
    "longname": "oj-c.SelectMultiple#itemTemplate",
    "description": "<p>The <code class=\"prettyprint\">itemTemplate</code> slot is used to specify the template\nfor rendering each item in the dropdown list.\nThe slot must be a &lt;template> element.\n<p>When the template is executed for each item, it will have access to the binding context\ncontaining the following properties:</p>\n<ul>\n  <li>$current - an object that contains information for the current item. (See the table\nbelow for a list of properties available on $current)</li>\n <li>alias - if the data-oj-as attribute was specified on the template, the value will be\nused to provide an application-named alias for $current.</li>\n</ul>\n<p>If no <code class=\"prettyprint\">itemTemplate</code> is specified, the component will\nrender based on the value of the <code class=\"prettyprint\">itemText</code> property.</p>",
    "meta": {
      "filename": "select-multiple.tsx",
      "path": "/home/jenkins/uitech/workspace/OJET_Code_16.0.1/packages/oraclejet-core-pack/web/components/oj-c/select-multiple"
    },
    "scope": "instance",
    "ojchild": false,
    "ojslot": true,
    "properties": [
      {
        "name": "searchText",
        "description": "User-entered search text.\nThis property will be undefined for the default, unfiltered list.",
        "optional": true,
        "type": {
          "names": [
            "string"
          ]
        }
      },
      {
        "name": "item",
        "description": "Contains the data and metadata of the item.",
        "optional": false,
        "type": {
          "names": [
            "object"
          ]
        },
        "tstype": [
          {
            "target": "Type",
            "value": "Item<K, D>",
            "for": "item",
            "jsdocOverride": true,
            "module": {
              "Item": "ojdataprovider"
            }
          }
        ]
      },
      {
        "name": "selectedKeys",
        "description": "Selected keys.\nThis property should be wired up to the selected-keys attribute of oj-c-selector.",
        "optional": false,
        "type": {
          "names": [
            "object"
          ]
        },
        "tstype": [
          {
            "target": "Type",
            "value": "ImmutableKeySet<K>",
            "for": "selectedKeys",
            "jsdocOverride": true
          }
        ]
      },
      {
        "name": "onSelectedKeysChanged",
        "description": "Callback to notify when selected keys have changed via user interaction with oj-c-selector.\nThis callback should be wired up to the on-selected-keys-changed attribute of\noj-c-selector.",
        "optional": false,
        "type": {
          "names": [
            "function"
          ]
        },
        "tstype": [
          {
            "target": "Type",
            "value": "PropertyChanged<ImmutableKeySet<K>>|(event: CustomEvent<{ value: ImmutableKeySet<K>; }>) => void",
            "for": "onSelectedKeysChanged",
            "jsdocOverride": true
          }
        ]
      }
    ]
  },
  {
    "id": "oj-c.SelectMultiple.touchDoc",
    "name": "touchDoc",
    "kind": "member",
    "longname": "oj-c.SelectMultiple.touchDoc",
    "description": "<table class=\"keyboard-table\">\n  <thead>\n    <tr>\n      <th>Target</th>\n      <th>Gesture</th>\n      <th>Action</th>\n    </tr>\n  </thead>\n  <tbody>\n    <tr>\n      <td>Input field</td>\n      <td><kbd>Tap</kbd></td>\n      <td> If the dropdown is not open, expand the dropdown list.\n      If hints, title or messages exist in a notewindow,\n       pop up the notewindow.</td>\n    </tr>\n    <tr>\n      <td>Arrow button</td>\n      <td><kbd>Tap</kbd></td>\n      <td> If the dropdown is not open, expand the dropdown list. Otherwise, close the dropdown list.</td>\n    </tr>\n    <tr>\n      <td>Option item</td>\n      <td><kbd>Tap</kbd></td>\n      <td> Tap on an option item in the dropdown list to select.</td>\n    </tr>\n    <tr>\n      <td>Selected values count</td>\n      <td><kbd>Tap</kbd></td>\n      <td> Toggle the dropdown list between the full list of items and the list of only\n      selected items. If the dropdown is not open, expand the dropdown list.</td>\n    </tr>\n    <tr>\n      <td>Back button (Mobile dropdown)</td>\n      <td><kbd>Tap</kbd></td>\n      <td>Discard any changes made to the dropdown selection and close the dropdown.</td>\n    </tr>\n    <tr>\n      <td>Apply button (Mobile dropdown)</td>\n      <td><kbd>Tap</kbd></td>\n      <td>Commit any changes made to the dropdown selection and close the dropdown.</td>\n    </tr>\n    <tr>\n      <td>Clear button (Mobile dropdown)</td>\n      <td><kbd>Tap</kbd></td>\n      <td>Clear any selections made along with any search text. The changes will be committed only when the Apply button is pressed.</td>\n    </tr>\n    <tr>\n      <td>Text tag's clear button (Mobile dropdown)</td>\n      <td><kbd>Tap</kbd></td>\n      <td>Remove the text tag and update the selections to reflect the removal. The changes will be committed only when the Apply button is pressed.</td>\n    </tr>\n    <tr>\n      <td>Text tag's clear button (Tablet)</td>\n      <td><kbd>Tap</kbd></td>\n      <td>Remove the text tag and update the selections & the value of the component to reflect the removal.</td>\n    </tr>\n  </tbody>\n</table>",
    "memberof": "oj-c.SelectMultiple",
    "meta": {
      "filename": "select-multiple.tsx",
      "path": "/home/jenkins/uitech/workspace/OJET_Code_16.0.1/packages/oraclejet-core-pack/web/components/oj-c/select-multiple"
    },
    "ojfragment": true
  },
  {
    "id": "oj-c.SelectMultiple.keyboardDoc",
    "name": "keyboardDoc",
    "kind": "member",
    "longname": "oj-c.SelectMultiple.keyboardDoc",
    "description": "<table class=\"keyboard-table\">\n  <thead>\n    <tr>\n      <th>Target</th>\n      <th>Key</th>\n      <th>Action</th>\n    </tr>\n  </thead>\n  <tbody>\n    <tr>\n      <td>Option item</td>\n      <td><kbd>Space</kbd></td>\n      <td> Select the highlighted choice from the dropdown.</td>\n    </tr>\n    <tr>\n      <td>Input field</td>\n      <td><kbd>Esc</kbd></td>\n      <td> Collapse the dropdown list. If the dropdown is already closed, do nothing.</td>\n    </tr>\n    <tr>\n      <td>Input field</td>\n      <td><kbd>LeftArrow</kbd> or <kbd>RightArrow</kbd></td>\n      <td> Moves the focus to the last text tag if the cursor is at the beginning of the input field and <kbd>LeftArrow</kbd> (in LTR)\n      or <kdb>RightArrow</kbd> (in RTL) is pressed.</td>\n    </tr>\n    <tr>\n      <td>Text tag</td>\n      <td><kbd>LeftArrow</kbd> or <kbd>RightArrow</kbd></td>\n      <td> Moves the focus through the text tags. If the focus is on the last text tag and <kbd>RightArrow</kbd> (in LTR)\n      or <kdb>LeftArrow</kbd> (in RTL) is pressed, the focus will be put on the input field.</td>\n    </tr>\n    <tr>\n      <td>Text tag</td>\n      <td><kbd>Home</kbd></td>\n      <td> Moves the focus to the first text tag.</td>\n    </tr>\n    <tr>\n      <td>Text tag</td>\n      <td><kbd>End</kbd></td>\n      <td> Moves the focus to the last text tag.</td>\n    </tr>\n    <tr>\n      <td>Text tag</td>\n      <td><kbd>Ctrl + A</kbd> or <kbd>Command + A</kbd></td>\n      <td> Selects all the text tags.</td>\n    </tr>\n    <tr>\n      <td>Text tag</td>\n      <td><kbd>Delete</kbd> or <kbd>Backspace</kbd></td>\n      <td> Removes the current focused text tag and deselects the corresponding value. If all the tags are selected, removes all the tags and clears selection.\n      The focus is then moved to the input field.</td>\n    </tr>\n    <tr>\n      <td>Dropdown</td>\n      <td><kbd>UpArrow</kbd> or <kbd>DownArrow</kbd></td>\n      <td> Highlight the option item on the dropdown list in the direction of the arrow.\n        If the dropdown is not open, expand the dropdown list.</td>\n    </tr>\n    <tr>\n      <td>Dropdown</td>\n      <td><kbd>Esc</kbd></td>\n      <td> Collapse the dropdown list. If the dropdown is already closed, do nothing.</td>\n    </tr>\n    <tr>\n      <td>Selected values count</td>\n      <td><kbd>Enter</kbd> or <kbd>Space</kbd></td>\n      <td> Toggle the dropdown list between the full list of items and the list of only\n      selected items. If the dropdown is not open, expand the dropdown list.</td>\n    </tr>\n    <tr>\n      <td>Selected values count</td>\n      <td><kbd>Esc</kbd></td>\n      <td> Collapse the dropdown list. If the dropdown is already closed, do nothing.</td>\n    </tr>\n    <tr>\n      <td>Select</td>\n      <td><kbd>Tab In</kbd></td>\n      <td>Set focus to the Select. If hints, title or messages exist in a notewindow,\n       pop up the notewindow.</td>\n    </tr>\n  </tbody>\n</table>",
    "memberof": "oj-c.SelectMultiple",
    "meta": {
      "filename": "select-multiple.tsx",
      "path": "/home/jenkins/uitech/workspace/OJET_Code_16.0.1/packages/oraclejet-core-pack/web/components/oj-c/select-multiple"
    },
    "ojfragment": true
  },
  {
    "memberof": "oj-c.SelectMultiple",
    "id": "oj-c.SelectMultiple.DisplayOptions",
    "name": "DisplayOptions",
    "kind": "typedef",
    "longname": "oj-c.SelectMultiple.DisplayOptions",
    "scope": "static",
    "description": "Display options for auxiliary content that determines whether or not it should be displayed.",
    "type": {
      "names": [
        "Object"
      ]
    },
    "meta": {
      "filename": "select-multiple.tsx",
      "path": "/home/jenkins/uitech/workspace/OJET_Code_16.0.1/packages/oraclejet-core-pack/web/components/oj-c/select-multiple"
    },
    "properties": [
      {
        "name": "messages",
        "description": "Display options for auxiliary message text.",
        "optional": true,
        "type": {
          "names": [
            "\"none\"",
            "\"display\""
          ]
        },
        "defaultvalue": "\"display\""
      }
    ]
  },
  {
    "memberof": "oj-c.SelectMultiple",
    "id": "oj-c.SelectMultiple.Help",
    "name": "Help",
    "kind": "typedef",
    "longname": "oj-c.SelectMultiple.Help",
    "scope": "static",
    "description": "Form component help information.",
    "type": {
      "names": [
        "Object"
      ]
    },
    "meta": {
      "filename": "select-multiple.tsx",
      "path": "/home/jenkins/uitech/workspace/OJET_Code_16.0.1/packages/oraclejet-core-pack/web/components/oj-c/select-multiple"
    },
    "properties": [
      {
        "name": "instruction",
        "description": "A type of user assistance text. User assistance text is used to provide guidance to\nhelp the user understand what data to enter or select.",
        "optional": true,
        "type": {
          "names": [
            "string"
          ]
        }
      }
    ]
  },
  {
    "memberof": "oj-c.SelectMultiple",
    "id": "oj-c.SelectMultiple.HelpHints",
    "name": "HelpHints",
    "kind": "typedef",
    "longname": "oj-c.SelectMultiple.HelpHints",
    "scope": "static",
    "description": "The helpHints object contains a definition property and a source property.",
    "type": {
      "names": [
        "Object"
      ]
    },
    "meta": {
      "filename": "select-multiple.tsx",
      "path": "/home/jenkins/uitech/workspace/OJET_Code_16.0.1/packages/oraclejet-core-pack/web/components/oj-c/select-multiple"
    },
    "properties": [
      {
        "name": "definition",
        "description": "A type of user assistance text. User assistance text is used to provide guidance to help\nthe user understand what data to enter or select. help-hints could come from a help system.",
        "optional": true,
        "type": {
          "names": [
            "string"
          ]
        }
      },
      {
        "name": "source",
        "description": "Help source URL associated with the component.",
        "optional": true,
        "type": {
          "names": [
            "string"
          ]
        }
      },
      {
        "name": "sourceText",
        "description": "Custom text to be used for the source link.",
        "optional": true,
        "type": {
          "names": [
            "string"
          ]
        }
      }
    ]
  },
  {
    "memberof": "oj-c.SelectMultiple",
    "id": "oj-c.SelectMultiple.ComponentMessageItem",
    "name": "ComponentMessageItem",
    "kind": "typedef",
    "longname": "oj-c.SelectMultiple.ComponentMessageItem",
    "scope": "static",
    "description": "",
    "type": {
      "names": [
        "Object"
      ]
    },
    "meta": {
      "filename": "select-multiple.tsx",
      "path": "/home/jenkins/uitech/workspace/OJET_Code_16.0.1/packages/oraclejet-core-pack/web/components/oj-c/select-multiple"
    },
    "properties": [
      {
        "name": "summary",
        "optional": true,
        "type": {
          "names": [
            "string"
          ]
        }
      },
      {
        "name": "detail",
        "optional": true,
        "type": {
          "names": [
            "string"
          ]
        }
      },
      {
        "name": "severity",
        "optional": true,
        "type": {
          "names": [
            "\"error\"",
            "\"confirmation\"",
            "\"info\"",
            "\"warning\""
          ]
        }
      }
    ]
  }
]