{
  "name": "line-chart",
  "version": "16.0.1",
  "jetVersion": "^16.0.1",
  "pack": "oj-c",
  "type": "composite",
  "dependencyScope": "runtime",
  "license": "https://opensource.org/licenses/UPL",
  "implements": [
    "CLineChartElement"
  ],
  "description": "A line chart displays information graphically using data points connected by straight or curved lines, making relationships among the data easier to understand.",
  "displayName": "Line Chart",
  "main": "oj-c/line-chart",
  "help": "oj-c.LineChart.html",
  "extension": {
    "catalog": {
      "category": "Visualizations"
    },
    "vbdt": {
      "module": "oj-c/line-chart",
      "defaultColumns": 6,
      "minColumns": 1
    },
    "oracle": {
      "icon": "oj-ux-ico-line-chart",
      "uxSpecs": [
        "line-chart"
      ]
    }
  },
  "propertyLayout": [
    {
      "propertyGroup": "common",
      "items": [
        "type",
        "orientation",
        "legend.title",
        "legend.position",
        "legend.rendered",
        "stack",
        "xAxis.title",
        "yAxis.title",
        "style"
      ]
    },
    {
      "propertyGroup": "data",
      "items": [
        "data"
      ]
    }
  ],
  "since": "16.0.0",
  "properties": {
    "groupComparator": {
      "type": "function",
      "description": "A comparator function that determines the ordering of the chart groups when using a DataProvider. If undefined, the group will follow the order in which they are found in the data.",
      "displayName": "Group Comparator",
      "help": "#groupComparator"
    },
    "stack": {
      "type": "string",
      "description": "Defines whether the data items are stacked.",
      "displayName": "stack",
      "help": "#stack",
      "propertyEditorValues": {
        "on": {
          "description": "Data items belonging to same group will be stacked.",
          "displayName": "On"
        },
        "off": {
          "description": "Data items will not be stacked.",
          "displayName": "Off"
        }
      },
      "enumValues": [
        "off",
        "on"
      ],
      "value": "off"
    },
    "drilling": {
      "type": "string",
      "description": "Whether drilling is enabled. Drillable objects will show a pointer cursor on hover and fire an <code class=\"prettyprint\">ojDrill</code> event on click (double click if selection is enabled). Use \"on\" to enable drilling for all series objects (legend items), group objects (x-axis labels), and data items. Use \"seriesOnly\" or \"groupsOnly\" to enable drilling for series objects or group objects only. To enable or disable drilling on individual series, group, or data item, use the drilling attribute in each series, group, or data item.",
      "displayName": "Drilling",
      "help": "#drilling",
      "propertyEditorValues": {
        "on": {
          "description": "Drilling is enabled on data items, axis labels and legend items.",
          "displayName": "On"
        },
        "seriesOnly": {
          "description": "Drilling is enabled only on legend items. Use multiSeriesDrilling attribute to enable drilling on the legend item for Other.",
          "displayName": "Off"
        },
        "groupsOnly": {
          "description": "Drilling is enabled only on axis labels.",
          "displayName": "On"
        },
        "off": {
          "description": "Drilling is not enabled.",
          "displayName": "Off"
        }
      },
      "enumValues": [
        "off",
        "on",
        "groupsOnly",
        "seriesOnly"
      ],
      "value": "off"
    },
    "orientation": {
      "type": "string",
      "description": "The orientation of the chart.",
      "displayName": "Orientation",
      "help": "#orientation",
      "propertyEditorValues": {
        "horizontal": {
          "description": "Chart will be horizontally oriented.",
          "displayName": "On"
        },
        "vertical": {
          "description": "Chart will be vertically oriented.",
          "displayName": "Off"
        }
      },
      "enumValues": [
        "horizontal",
        "vertical"
      ],
      "value": "vertical"
    },
    "yAxis": {
      "type": "object",
      "description": "The yAxis options for the chart.",
      "properties": {
        "majorTick": {
          "type": "object",
          "properties": {
            "lineStyle": {
              "type": "string",
              "enumValues": [
                "dashed",
                "dotted",
                "solid"
              ]
            },
            "lineWidth": {
              "type": "number"
            },
            "lineColor": {
              "type": "string",
              "propertyEditorValues": {
                "transparent": {},
                "inherit": {},
                "initial": {},
                "-moz-initial": {},
                "revert": {},
                "revert-layer": {},
                "unset": {},
                "aliceblue": {},
                "antiquewhite": {},
                "aqua": {},
                "aquamarine": {},
                "azure": {},
                "beige": {},
                "bisque": {},
                "black": {},
                "blanchedalmond": {},
                "blue": {},
                "blueviolet": {},
                "brown": {},
                "burlywood": {},
                "cadetblue": {},
                "chartreuse": {},
                "chocolate": {},
                "coral": {},
                "cornflowerblue": {},
                "cornsilk": {},
                "crimson": {},
                "cyan": {},
                "darkblue": {},
                "darkcyan": {},
                "darkgoldenrod": {},
                "darkgray": {},
                "darkgreen": {},
                "darkgrey": {},
                "darkkhaki": {},
                "darkmagenta": {},
                "darkolivegreen": {},
                "darkorange": {},
                "darkorchid": {},
                "darkred": {},
                "darksalmon": {},
                "darkseagreen": {},
                "darkslateblue": {},
                "darkslategray": {},
                "darkslategrey": {},
                "darkturquoise": {},
                "darkviolet": {},
                "deeppink": {},
                "deepskyblue": {},
                "dimgray": {},
                "dimgrey": {},
                "dodgerblue": {},
                "firebrick": {},
                "floralwhite": {},
                "forestgreen": {},
                "fuchsia": {},
                "gainsboro": {},
                "ghostwhite": {},
                "gold": {},
                "goldenrod": {},
                "gray": {},
                "green": {},
                "greenyellow": {},
                "grey": {},
                "honeydew": {},
                "hotpink": {},
                "indianred": {},
                "indigo": {},
                "ivory": {},
                "khaki": {},
                "lavender": {},
                "lavenderblush": {},
                "lawngreen": {},
                "lemonchiffon": {},
                "lightblue": {},
                "lightcoral": {},
                "lightcyan": {},
                "lightgoldenrodyellow": {},
                "lightgray": {},
                "lightgreen": {},
                "lightgrey": {},
                "lightpink": {},
                "lightsalmon": {},
                "lightseagreen": {},
                "lightskyblue": {},
                "lightslategray": {},
                "lightslategrey": {},
                "lightsteelblue": {},
                "lightyellow": {},
                "lime": {},
                "limegreen": {},
                "linen": {},
                "magenta": {},
                "maroon": {},
                "mediumaquamarine": {},
                "mediumblue": {},
                "mediumorchid": {},
                "mediumpurple": {},
                "mediumseagreen": {},
                "mediumslateblue": {},
                "mediumspringgreen": {},
                "mediumturquoise": {},
                "mediumvioletred": {},
                "midnightblue": {},
                "mintcream": {},
                "mistyrose": {},
                "moccasin": {},
                "navajowhite": {},
                "navy": {},
                "oldlace": {},
                "olive": {},
                "olivedrab": {},
                "orange": {},
                "orangered": {},
                "orchid": {},
                "palegoldenrod": {},
                "palegreen": {},
                "paleturquoise": {},
                "palevioletred": {},
                "papayawhip": {},
                "peachpuff": {},
                "peru": {},
                "pink": {},
                "plum": {},
                "powderblue": {},
                "purple": {},
                "rebeccapurple": {},
                "red": {},
                "rosybrown": {},
                "royalblue": {},
                "saddlebrown": {},
                "salmon": {},
                "sandybrown": {},
                "seagreen": {},
                "seashell": {},
                "sienna": {},
                "silver": {},
                "skyblue": {},
                "slateblue": {},
                "slategray": {},
                "slategrey": {},
                "snow": {},
                "springgreen": {},
                "steelblue": {},
                "tan": {},
                "teal": {},
                "thistle": {},
                "tomato": {},
                "turquoise": {},
                "violet": {},
                "wheat": {},
                "white": {},
                "whitesmoke": {},
                "yellow": {},
                "yellowgreen": {},
                "ActiveBorder": {},
                "ActiveCaption": {},
                "AppWorkspace": {},
                "Background": {},
                "ButtonFace": {},
                "ButtonHighlight": {},
                "ButtonShadow": {},
                "ButtonText": {},
                "CaptionText": {},
                "GrayText": {},
                "Highlight": {},
                "HighlightText": {},
                "InactiveBorder": {},
                "InactiveCaption": {},
                "InactiveCaptionText": {},
                "InfoBackground": {},
                "InfoText": {},
                "Menu": {},
                "MenuText": {},
                "Scrollbar": {},
                "ThreeDDarkShadow": {},
                "ThreeDFace": {},
                "ThreeDHighlight": {},
                "ThreeDLightShadow": {},
                "ThreeDShadow": {},
                "Window": {},
                "WindowFrame": {},
                "WindowText": {},
                "currentcolor": {}
              }
            },
            "rendered": {
              "type": "string",
              "enumValues": [
                "auto",
                "off",
                "on"
              ]
            }
          }
        },
        "minorTick": {
          "type": "object",
          "properties": {
            "lineStyle": {
              "type": "string",
              "enumValues": [
                "dashed",
                "dotted",
                "solid"
              ]
            },
            "lineWidth": {
              "type": "number"
            },
            "lineColor": {
              "type": "string",
              "propertyEditorValues": {
                "transparent": {},
                "inherit": {},
                "initial": {},
                "-moz-initial": {},
                "revert": {},
                "revert-layer": {},
                "unset": {},
                "aliceblue": {},
                "antiquewhite": {},
                "aqua": {},
                "aquamarine": {},
                "azure": {},
                "beige": {},
                "bisque": {},
                "black": {},
                "blanchedalmond": {},
                "blue": {},
                "blueviolet": {},
                "brown": {},
                "burlywood": {},
                "cadetblue": {},
                "chartreuse": {},
                "chocolate": {},
                "coral": {},
                "cornflowerblue": {},
                "cornsilk": {},
                "crimson": {},
                "cyan": {},
                "darkblue": {},
                "darkcyan": {},
                "darkgoldenrod": {},
                "darkgray": {},
                "darkgreen": {},
                "darkgrey": {},
                "darkkhaki": {},
                "darkmagenta": {},
                "darkolivegreen": {},
                "darkorange": {},
                "darkorchid": {},
                "darkred": {},
                "darksalmon": {},
                "darkseagreen": {},
                "darkslateblue": {},
                "darkslategray": {},
                "darkslategrey": {},
                "darkturquoise": {},
                "darkviolet": {},
                "deeppink": {},
                "deepskyblue": {},
                "dimgray": {},
                "dimgrey": {},
                "dodgerblue": {},
                "firebrick": {},
                "floralwhite": {},
                "forestgreen": {},
                "fuchsia": {},
                "gainsboro": {},
                "ghostwhite": {},
                "gold": {},
                "goldenrod": {},
                "gray": {},
                "green": {},
                "greenyellow": {},
                "grey": {},
                "honeydew": {},
                "hotpink": {},
                "indianred": {},
                "indigo": {},
                "ivory": {},
                "khaki": {},
                "lavender": {},
                "lavenderblush": {},
                "lawngreen": {},
                "lemonchiffon": {},
                "lightblue": {},
                "lightcoral": {},
                "lightcyan": {},
                "lightgoldenrodyellow": {},
                "lightgray": {},
                "lightgreen": {},
                "lightgrey": {},
                "lightpink": {},
                "lightsalmon": {},
                "lightseagreen": {},
                "lightskyblue": {},
                "lightslategray": {},
                "lightslategrey": {},
                "lightsteelblue": {},
                "lightyellow": {},
                "lime": {},
                "limegreen": {},
                "linen": {},
                "magenta": {},
                "maroon": {},
                "mediumaquamarine": {},
                "mediumblue": {},
                "mediumorchid": {},
                "mediumpurple": {},
                "mediumseagreen": {},
                "mediumslateblue": {},
                "mediumspringgreen": {},
                "mediumturquoise": {},
                "mediumvioletred": {},
                "midnightblue": {},
                "mintcream": {},
                "mistyrose": {},
                "moccasin": {},
                "navajowhite": {},
                "navy": {},
                "oldlace": {},
                "olive": {},
                "olivedrab": {},
                "orange": {},
                "orangered": {},
                "orchid": {},
                "palegoldenrod": {},
                "palegreen": {},
                "paleturquoise": {},
                "palevioletred": {},
                "papayawhip": {},
                "peachpuff": {},
                "peru": {},
                "pink": {},
                "plum": {},
                "powderblue": {},
                "purple": {},
                "rebeccapurple": {},
                "red": {},
                "rosybrown": {},
                "royalblue": {},
                "saddlebrown": {},
                "salmon": {},
                "sandybrown": {},
                "seagreen": {},
                "seashell": {},
                "sienna": {},
                "silver": {},
                "skyblue": {},
                "slateblue": {},
                "slategray": {},
                "slategrey": {},
                "snow": {},
                "springgreen": {},
                "steelblue": {},
                "tan": {},
                "teal": {},
                "thistle": {},
                "tomato": {},
                "turquoise": {},
                "violet": {},
                "wheat": {},
                "white": {},
                "whitesmoke": {},
                "yellow": {},
                "yellowgreen": {},
                "ActiveBorder": {},
                "ActiveCaption": {},
                "AppWorkspace": {},
                "Background": {},
                "ButtonFace": {},
                "ButtonHighlight": {},
                "ButtonShadow": {},
                "ButtonText": {},
                "CaptionText": {},
                "GrayText": {},
                "Highlight": {},
                "HighlightText": {},
                "InactiveBorder": {},
                "InactiveCaption": {},
                "InactiveCaptionText": {},
                "InfoBackground": {},
                "InfoText": {},
                "Menu": {},
                "MenuText": {},
                "Scrollbar": {},
                "ThreeDDarkShadow": {},
                "ThreeDFace": {},
                "ThreeDHighlight": {},
                "ThreeDLightShadow": {},
                "ThreeDShadow": {},
                "Window": {},
                "WindowFrame": {},
                "WindowText": {},
                "currentcolor": {}
              }
            },
            "rendered": {
              "type": "string",
              "enumValues": [
                "auto",
                "off",
                "on"
              ]
            }
          }
        }
      }
    },
    "xAxis": {
      "type": "object",
      "description": "The xAxis options for the chart.",
      "properties": {
        "majorTick": {
          "type": "object",
          "properties": {
            "lineStyle": {
              "type": "string",
              "enumValues": [
                "dashed",
                "dotted",
                "solid"
              ]
            },
            "lineWidth": {
              "type": "number"
            },
            "lineColor": {
              "type": "string",
              "propertyEditorValues": {
                "transparent": {},
                "inherit": {},
                "initial": {},
                "-moz-initial": {},
                "revert": {},
                "revert-layer": {},
                "unset": {},
                "aliceblue": {},
                "antiquewhite": {},
                "aqua": {},
                "aquamarine": {},
                "azure": {},
                "beige": {},
                "bisque": {},
                "black": {},
                "blanchedalmond": {},
                "blue": {},
                "blueviolet": {},
                "brown": {},
                "burlywood": {},
                "cadetblue": {},
                "chartreuse": {},
                "chocolate": {},
                "coral": {},
                "cornflowerblue": {},
                "cornsilk": {},
                "crimson": {},
                "cyan": {},
                "darkblue": {},
                "darkcyan": {},
                "darkgoldenrod": {},
                "darkgray": {},
                "darkgreen": {},
                "darkgrey": {},
                "darkkhaki": {},
                "darkmagenta": {},
                "darkolivegreen": {},
                "darkorange": {},
                "darkorchid": {},
                "darkred": {},
                "darksalmon": {},
                "darkseagreen": {},
                "darkslateblue": {},
                "darkslategray": {},
                "darkslategrey": {},
                "darkturquoise": {},
                "darkviolet": {},
                "deeppink": {},
                "deepskyblue": {},
                "dimgray": {},
                "dimgrey": {},
                "dodgerblue": {},
                "firebrick": {},
                "floralwhite": {},
                "forestgreen": {},
                "fuchsia": {},
                "gainsboro": {},
                "ghostwhite": {},
                "gold": {},
                "goldenrod": {},
                "gray": {},
                "green": {},
                "greenyellow": {},
                "grey": {},
                "honeydew": {},
                "hotpink": {},
                "indianred": {},
                "indigo": {},
                "ivory": {},
                "khaki": {},
                "lavender": {},
                "lavenderblush": {},
                "lawngreen": {},
                "lemonchiffon": {},
                "lightblue": {},
                "lightcoral": {},
                "lightcyan": {},
                "lightgoldenrodyellow": {},
                "lightgray": {},
                "lightgreen": {},
                "lightgrey": {},
                "lightpink": {},
                "lightsalmon": {},
                "lightseagreen": {},
                "lightskyblue": {},
                "lightslategray": {},
                "lightslategrey": {},
                "lightsteelblue": {},
                "lightyellow": {},
                "lime": {},
                "limegreen": {},
                "linen": {},
                "magenta": {},
                "maroon": {},
                "mediumaquamarine": {},
                "mediumblue": {},
                "mediumorchid": {},
                "mediumpurple": {},
                "mediumseagreen": {},
                "mediumslateblue": {},
                "mediumspringgreen": {},
                "mediumturquoise": {},
                "mediumvioletred": {},
                "midnightblue": {},
                "mintcream": {},
                "mistyrose": {},
                "moccasin": {},
                "navajowhite": {},
                "navy": {},
                "oldlace": {},
                "olive": {},
                "olivedrab": {},
                "orange": {},
                "orangered": {},
                "orchid": {},
                "palegoldenrod": {},
                "palegreen": {},
                "paleturquoise": {},
                "palevioletred": {},
                "papayawhip": {},
                "peachpuff": {},
                "peru": {},
                "pink": {},
                "plum": {},
                "powderblue": {},
                "purple": {},
                "rebeccapurple": {},
                "red": {},
                "rosybrown": {},
                "royalblue": {},
                "saddlebrown": {},
                "salmon": {},
                "sandybrown": {},
                "seagreen": {},
                "seashell": {},
                "sienna": {},
                "silver": {},
                "skyblue": {},
                "slateblue": {},
                "slategray": {},
                "slategrey": {},
                "snow": {},
                "springgreen": {},
                "steelblue": {},
                "tan": {},
                "teal": {},
                "thistle": {},
                "tomato": {},
                "turquoise": {},
                "violet": {},
                "wheat": {},
                "white": {},
                "whitesmoke": {},
                "yellow": {},
                "yellowgreen": {},
                "ActiveBorder": {},
                "ActiveCaption": {},
                "AppWorkspace": {},
                "Background": {},
                "ButtonFace": {},
                "ButtonHighlight": {},
                "ButtonShadow": {},
                "ButtonText": {},
                "CaptionText": {},
                "GrayText": {},
                "Highlight": {},
                "HighlightText": {},
                "InactiveBorder": {},
                "InactiveCaption": {},
                "InactiveCaptionText": {},
                "InfoBackground": {},
                "InfoText": {},
                "Menu": {},
                "MenuText": {},
                "Scrollbar": {},
                "ThreeDDarkShadow": {},
                "ThreeDFace": {},
                "ThreeDHighlight": {},
                "ThreeDLightShadow": {},
                "ThreeDShadow": {},
                "Window": {},
                "WindowFrame": {},
                "WindowText": {},
                "currentcolor": {}
              }
            },
            "rendered": {
              "type": "string",
              "enumValues": [
                "auto",
                "off",
                "on"
              ]
            }
          }
        }
      }
    },
    "plotArea": {
      "type": "object",
      "description": "The plot area of the chart.",
      "properties": {
        "backgroundColor": {
          "type": "string",
          "propertyEditorValues": {
            "transparent": {},
            "inherit": {},
            "initial": {},
            "-moz-initial": {},
            "revert": {},
            "revert-layer": {},
            "unset": {},
            "aliceblue": {},
            "antiquewhite": {},
            "aqua": {},
            "aquamarine": {},
            "azure": {},
            "beige": {},
            "bisque": {},
            "black": {},
            "blanchedalmond": {},
            "blue": {},
            "blueviolet": {},
            "brown": {},
            "burlywood": {},
            "cadetblue": {},
            "chartreuse": {},
            "chocolate": {},
            "coral": {},
            "cornflowerblue": {},
            "cornsilk": {},
            "crimson": {},
            "cyan": {},
            "darkblue": {},
            "darkcyan": {},
            "darkgoldenrod": {},
            "darkgray": {},
            "darkgreen": {},
            "darkgrey": {},
            "darkkhaki": {},
            "darkmagenta": {},
            "darkolivegreen": {},
            "darkorange": {},
            "darkorchid": {},
            "darkred": {},
            "darksalmon": {},
            "darkseagreen": {},
            "darkslateblue": {},
            "darkslategray": {},
            "darkslategrey": {},
            "darkturquoise": {},
            "darkviolet": {},
            "deeppink": {},
            "deepskyblue": {},
            "dimgray": {},
            "dimgrey": {},
            "dodgerblue": {},
            "firebrick": {},
            "floralwhite": {},
            "forestgreen": {},
            "fuchsia": {},
            "gainsboro": {},
            "ghostwhite": {},
            "gold": {},
            "goldenrod": {},
            "gray": {},
            "green": {},
            "greenyellow": {},
            "grey": {},
            "honeydew": {},
            "hotpink": {},
            "indianred": {},
            "indigo": {},
            "ivory": {},
            "khaki": {},
            "lavender": {},
            "lavenderblush": {},
            "lawngreen": {},
            "lemonchiffon": {},
            "lightblue": {},
            "lightcoral": {},
            "lightcyan": {},
            "lightgoldenrodyellow": {},
            "lightgray": {},
            "lightgreen": {},
            "lightgrey": {},
            "lightpink": {},
            "lightsalmon": {},
            "lightseagreen": {},
            "lightskyblue": {},
            "lightslategray": {},
            "lightslategrey": {},
            "lightsteelblue": {},
            "lightyellow": {},
            "lime": {},
            "limegreen": {},
            "linen": {},
            "magenta": {},
            "maroon": {},
            "mediumaquamarine": {},
            "mediumblue": {},
            "mediumorchid": {},
            "mediumpurple": {},
            "mediumseagreen": {},
            "mediumslateblue": {},
            "mediumspringgreen": {},
            "mediumturquoise": {},
            "mediumvioletred": {},
            "midnightblue": {},
            "mintcream": {},
            "mistyrose": {},
            "moccasin": {},
            "navajowhite": {},
            "navy": {},
            "oldlace": {},
            "olive": {},
            "olivedrab": {},
            "orange": {},
            "orangered": {},
            "orchid": {},
            "palegoldenrod": {},
            "palegreen": {},
            "paleturquoise": {},
            "palevioletred": {},
            "papayawhip": {},
            "peachpuff": {},
            "peru": {},
            "pink": {},
            "plum": {},
            "powderblue": {},
            "purple": {},
            "rebeccapurple": {},
            "red": {},
            "rosybrown": {},
            "royalblue": {},
            "saddlebrown": {},
            "salmon": {},
            "sandybrown": {},
            "seagreen": {},
            "seashell": {},
            "sienna": {},
            "silver": {},
            "skyblue": {},
            "slateblue": {},
            "slategray": {},
            "slategrey": {},
            "snow": {},
            "springgreen": {},
            "steelblue": {},
            "tan": {},
            "teal": {},
            "thistle": {},
            "tomato": {},
            "turquoise": {},
            "violet": {},
            "wheat": {},
            "white": {},
            "whitesmoke": {},
            "yellow": {},
            "yellowgreen": {},
            "ActiveBorder": {},
            "ActiveCaption": {},
            "AppWorkspace": {},
            "Background": {},
            "ButtonFace": {},
            "ButtonHighlight": {},
            "ButtonShadow": {},
            "ButtonText": {},
            "CaptionText": {},
            "GrayText": {},
            "Highlight": {},
            "HighlightText": {},
            "InactiveBorder": {},
            "InactiveCaption": {},
            "InactiveCaptionText": {},
            "InfoBackground": {},
            "InfoText": {},
            "Menu": {},
            "MenuText": {},
            "Scrollbar": {},
            "ThreeDDarkShadow": {},
            "ThreeDFace": {},
            "ThreeDHighlight": {},
            "ThreeDLightShadow": {},
            "ThreeDShadow": {},
            "Window": {},
            "WindowFrame": {},
            "WindowText": {},
            "currentcolor": {}
          }
        }
      }
    },
    "zoomAndScroll": {
      "type": "string",
      "description": "The zoom and scroll behavior.",
      "enumValues": [
        "off",
        "live"
      ]
    },
    "valueFormats": {
      "type": "object",
      "description": "An object specifying value formatting and tooltip behavior, whose keys generally correspond to the attribute names on the data items.",
      "properties": {
        "group": {
          "type": "object",
          "properties": {
            "tooltipLabel": {
              "type": "string"
            },
            "tooltipDisplay": {
              "type": "string",
              "enumValues": [
                "auto",
                "off"
              ]
            }
          }
        },
        "series": {
          "type": "object",
          "properties": {
            "tooltipLabel": {
              "type": "string"
            },
            "tooltipDisplay": {
              "type": "string",
              "enumValues": [
                "auto",
                "off"
              ]
            }
          }
        },
        "value": {
          "type": "object",
          "properties": {
            "converter": {
              "type": "any"
            },
            "tooltipLabel": {
              "type": "string"
            },
            "tooltipDisplay": {
              "type": "string",
              "enumValues": [
                "auto",
                "off"
              ]
            }
          }
        }
      }
    },
    "seriesComparator": {
      "type": "function",
      "description": "A comparator function that determines the ordering of the chart series when using a DataProvider. If undefined, the series will follow the order in which they are found in the data.",
      "displayName": "Series Comparator",
      "help": "#seriesComparator"
    },
    "data": {
      "type": "DataProvider|null",
      "description": "Specifies the DataProvider for the sections and items of the line-chart.",
      "displayName": "Data",
      "help": "#data"
    },
    "selectionMode": {
      "type": "string",
      "description": "Specifies the selection mode.",
      "displayName": "Selection Mode",
      "help": "#selectionMode",
      "enumValues": [
        "none",
        "multiple",
        "single"
      ],
      "value": "none"
    },
    "selection": {
      "type": "Array<any>",
      "description": "An array containing the ids of the initially selected data items.",
      "displayName": "Selection",
      "help": "#selection",
      "writeback": true,
      "value": []
    },
    "hiddenCategories": {
      "type": "Array<string>",
      "writeback": true,
      "value": []
    },
    "highlightedCategories": {
      "type": "Array<string>",
      "description": "An array of category string used for highlighting.",
      "displayName": "Highlighted Categories",
      "help": "#highlightedCategories",
      "writeback": true,
      "value": []
    },
    "hideAndShowBehavior": {
      "type": "string",
      "description": "Defines the hide and show behavior that is performed when clicking on a leegnd item.",
      "displayName": "Hide and Show Behavior",
      "enumValues": [
        "none",
        "withoutRescale",
        "withRescale"
      ],
      "value": "none"
    },
    "hoverBehavior": {
      "type": "string",
      "description": "Defines the behavior applied when hovering over data items.",
      "displayName": "Hover Behavior",
      "enumValues": [
        "none",
        "dim"
      ],
      "value": "none"
    },
    "highlightMatch": {
      "type": "string",
      "description": "The matching condition for the highlighted property.",
      "displayName": "Highlight Match",
      "enumValues": [
        "all",
        "any"
      ],
      "value": "any"
    },
    "legend": {
      "type": "object",
      "description": "An object defining the style, positioning, and behavior of the legend.",
      "properties": {
        "position": {
          "type": "string",
          "enumValues": [
            "auto",
            "end",
            "start",
            "top",
            "bottom"
          ],
          "value": "auto"
        },
        "rendered": {
          "type": "string",
          "enumValues": [
            "auto",
            "off",
            "on"
          ],
          "value": "on"
        },
        "maxSize": {
          "type": "number|string"
        },
        "size": {
          "type": "number|string"
        },
        "symbolHeight": {
          "type": "number"
        },
        "symbolWidth": {
          "type": "number"
        }
      }
    }
  },
  "slots": {
    "itemTemplate": {
      "description": "The itemTemplate slot is used to specify the template for creating each item of the chart. See the Help documentation for more information.",
      "displayName": "itemTemplate",
      "help": "#itemTemplate",
      "maxItems": 1,
      "data": {
        "data": {
          "type": "any"
        },
        "key": {
          "type": "any"
        },
        "index": {
          "type": "number"
        }
      }
    },
    "seriesTemplate": {
      "description": "The seriesTemplate slot is used to specify the template for generating the series properties of the chart. See the Help documentation for more information.",
      "displayName": "seriesTemplate",
      "help": "#seriesTemplate",
      "maxItems": 1,
      "data": {
        "items": {
          "type": "Array<object>",
          "extension": {
            "vbdt": {
              "itemProperties": {
                "data": {
                  "type": "any"
                },
                "key": {
                  "type": "any"
                },
                "index": {
                  "type": "number"
                }
              }
            }
          }
        },
        "id": {
          "type": "string"
        },
        "index": {
          "type": "number"
        }
      }
    },
    "groupTemplate": {
      "description": "The groupTemplate slot is used to specify the template for generating the group properties of the chart. See the Help documentation for more information.",
      "displayName": "groupTemplate",
      "help": "#groupTemplate",
      "maxItems": 1,
      "data": {
        "items": {
          "type": "Array<object>",
          "extension": {
            "vbdt": {
              "itemProperties": {
                "data": {
                  "type": "any"
                },
                "key": {
                  "type": "any"
                },
                "index": {
                  "type": "number"
                }
              }
            }
          }
        },
        "ids": {
          "type": "Array<string>"
        },
        "index": {
          "type": "number"
        },
        "depth": {
          "type": "number"
        }
      }
    }
  },
  "events": {
    "ojItemDrill": {
      "description": "Triggered on a chart item (double click if selection is enabled, single click otherwise).",
      "help": "#event:ItemDrill",
      "detail": {
        "id": {
          "type": "any",
          "description": "The id of the drilled object."
        },
        "series": {
          "type": "any",
          "description": "The series id of the drilled object."
        },
        "group": {
          "type": "any",
          "description": "The group id of the drilled object."
        },
        "data": {
          "type": "object",
          "description": "The data object of the drilled item.",
          "properties": {
            "id": {
              "type": "any"
            },
            "seriesId": {
              "type": "string",
              "description": "The id for the series the item belongs to."
            },
            "groupId": {
              "type": "Array<string>",
              "description": "The array of id(s) for the group(s) the item belongs to"
            },
            "value": {
              "type": "number",
              "description": "The array of id(s) for the group(s) the item belongs to"
            },
            "color": {
              "type": "string",
              "description": "The color of the data item."
            },
            "markerDisplayed": {
              "type": "string",
              "description": "Defines whether the data marker is displayed. Only applies to line, area, scatter, and bubble series.",
              "enumValues": [
                "auto",
                "off",
                "on"
              ]
            },
            "markerShape": {
              "type": "string",
              "description": "The shape of the data markers. Only applies to line, area, scatter, and bubble series.",
              "enumValues": [
                "auto",
                "square",
                "circle",
                "diamond",
                "human",
                "plus",
                "star",
                "triangleDown",
                "triangleUp"
              ]
            },
            "markerSize": {
              "type": "number",
              "description": "The size of the data markers. Only applies to line, area, and scatter series."
            },
            "categories": {
              "type": "Array<string>",
              "description": "An optional array of category strings corresponding to this data item."
            },
            "drilling": {
              "type": "string",
              "description": "Whether drilling is enabled for the data item.",
              "enumValues": [
                "inherit",
                "off",
                "on"
              ]
            },
            "shortDesc": {
              "type": "string"
            }
          }
        },
        "itemData": {
          "type": "any",
          "description": "The row data object of the drilled item. This will only be set if a DataProvider is being used."
        },
        "seriesData": {
          "type": "object",
          "description": "The data for the series of the drilled object",
          "properties": {
            "items": {
              "type": "Array<object>",
              "extension": {
                "vbdt": {
                  "itemProperties": {
                    "id": {
                      "type": "any"
                    },
                    "seriesId": {
                      "type": "string",
                      "description": "The id for the series the item belongs to.",
                      "displayName": "Series Id",
                      "help": "#seriesId"
                    },
                    "groupId": {
                      "type": "Array<string>",
                      "description": "The array of id(s) for the group(s) the item belongs to",
                      "displayName": "Group Id",
                      "help": "#groupId"
                    },
                    "value": {
                      "type": "number",
                      "description": "The array of id(s) for the group(s) the item belongs to",
                      "displayName": "Valus",
                      "help": "#value"
                    },
                    "color": {
                      "type": "string",
                      "description": "The color of the data item.",
                      "displayName": "Color",
                      "help": "#color"
                    },
                    "markerDisplayed": {
                      "type": "string",
                      "description": "Defines whether the data marker is displayed. Only applies to line, area, scatter, and bubble series.",
                      "displayName": "Marker Displayed",
                      "help": "#markerDisplayed",
                      "enumValues": [
                        "auto",
                        "off",
                        "on"
                      ]
                    },
                    "markerShape": {
                      "type": "string",
                      "description": "The shape of the data markers. Only applies to line, area, scatter, and bubble series.",
                      "displayName": "Marker Shape",
                      "help": "#markerShape",
                      "enumValues": [
                        "auto",
                        "square",
                        "circle",
                        "diamond",
                        "human",
                        "plus",
                        "star",
                        "triangleDown",
                        "triangleUp"
                      ]
                    },
                    "markerSize": {
                      "type": "number",
                      "description": "The size of the data markers. Only applies to line, area, and scatter series.",
                      "displayName": "Marker Size",
                      "help": "#markerSize"
                    },
                    "categories": {
                      "type": "Array<string>",
                      "description": "An optional array of category strings corresponding to this data item.",
                      "displayName": "Categories",
                      "help": "#categories"
                    },
                    "drilling": {
                      "type": "string",
                      "description": "Whether drilling is enabled for the data item.",
                      "displayName": "Drilling",
                      "help": "#drilling",
                      "enumValues": [
                        "inherit",
                        "off",
                        "on"
                      ]
                    },
                    "shortDesc": {
                      "type": "string",
                      "displayName": "Short Desc",
                      "help": "#shortDesc"
                    }
                  }
                }
              }
            },
            "categories": {
              "type": "Array<string>",
              "description": "An array of category strings corresponding to the tag cloud items."
            },
            "color": {
              "type": "string",
              "description": "The color of the series. The chart legend item will inherit this color value."
            },
            "drilling": {
              "type": "string",
              "description": "Whether drilling is enabled on the series item.",
              "enumValues": [
                "inherit",
                "off",
                "on"
              ]
            },
            "lineStyle": {
              "type": "string",
              "description": "The line style of the data line.",
              "enumValues": [
                "dashed",
                "dotted",
                "solid"
              ]
            },
            "lineType": {
              "type": "string",
              "description": "The line type of the data line or area.",
              "enumValues": [
                "curved",
                "straight"
              ]
            },
            "lineWidth": {
              "type": "number",
              "description": "The width of the data line."
            },
            "markerShape": {
              "type": "string",
              "description": "The shape of the data markers.",
              "enumValues": [
                "auto",
                "square",
                "circle",
                "diamond",
                "human",
                "plus",
                "star",
                "triangleDown",
                "triangleUp"
              ]
            },
            "markerColor": {
              "type": "string",
              "description": "The color of the data markers, if different from the series color."
            },
            "markerDisplayed": {
              "type": "string",
              "description": "Defines whether the data marker is displayed. Only applies to line, area, scatter, and bubble series."
            },
            "markerSize": {
              "type": "number",
              "description": "The size of the data markers."
            },
            "name": {
              "type": "string",
              "description": "The name of the series, displayed in the legend and tooltips."
            },
            "shortDesc": {
              "type": "string",
              "description": "The description of this series. This is used for accessibility and for customizing the tooltip text on the corresponding legend item for the series."
            }
          }
        },
        "groupData": {
          "type": "object",
          "description": "An array of data for the group the drilled object belongs to.",
          "properties": {
            "drilling": {
              "type": "string",
              "enumValues": [
                "inherit",
                "off",
                "on"
              ]
            },
            "id": {
              "type": "string"
            },
            "name": {
              "type": "string"
            },
            "accessibleLabel": {
              "type": "string"
            }
          }
        }
      }
    },
    "ojSeriesDrill": {
      "description": "Triggered on a chart series drill gesture (double click if selection is enabled, single click otherwise).",
      "help": "#event:SeriesDrill",
      "detail": {
        "id": {
          "type": "any",
          "description": "The id of the drilled object."
        },
        "series": {
          "type": "any",
          "description": "The series id of the drilled object."
        },
        "seriesData": {
          "type": "object",
          "description": "The data for the series of the drilled object",
          "properties": {
            "items": {
              "type": "Array<object>",
              "extension": {
                "vbdt": {
                  "itemProperties": {
                    "id": {
                      "type": "any"
                    },
                    "seriesId": {
                      "type": "string",
                      "description": "The id for the series the item belongs to.",
                      "displayName": "Series Id",
                      "help": "#seriesId"
                    },
                    "groupId": {
                      "type": "Array<string>",
                      "description": "The array of id(s) for the group(s) the item belongs to",
                      "displayName": "Group Id",
                      "help": "#groupId"
                    },
                    "value": {
                      "type": "number",
                      "description": "The array of id(s) for the group(s) the item belongs to",
                      "displayName": "Valus",
                      "help": "#value"
                    },
                    "color": {
                      "type": "string",
                      "description": "The color of the data item.",
                      "displayName": "Color",
                      "help": "#color"
                    },
                    "markerDisplayed": {
                      "type": "string",
                      "description": "Defines whether the data marker is displayed. Only applies to line, area, scatter, and bubble series.",
                      "displayName": "Marker Displayed",
                      "help": "#markerDisplayed",
                      "enumValues": [
                        "auto",
                        "off",
                        "on"
                      ]
                    },
                    "markerShape": {
                      "type": "string",
                      "description": "The shape of the data markers. Only applies to line, area, scatter, and bubble series.",
                      "displayName": "Marker Shape",
                      "help": "#markerShape",
                      "enumValues": [
                        "auto",
                        "square",
                        "circle",
                        "diamond",
                        "human",
                        "plus",
                        "star",
                        "triangleDown",
                        "triangleUp"
                      ]
                    },
                    "markerSize": {
                      "type": "number",
                      "description": "The size of the data markers. Only applies to line, area, and scatter series.",
                      "displayName": "Marker Size",
                      "help": "#markerSize"
                    },
                    "categories": {
                      "type": "Array<string>",
                      "description": "An optional array of category strings corresponding to this data item.",
                      "displayName": "Categories",
                      "help": "#categories"
                    },
                    "drilling": {
                      "type": "string",
                      "description": "Whether drilling is enabled for the data item.",
                      "displayName": "Drilling",
                      "help": "#drilling",
                      "enumValues": [
                        "inherit",
                        "off",
                        "on"
                      ]
                    },
                    "shortDesc": {
                      "type": "string",
                      "displayName": "Short Desc",
                      "help": "#shortDesc"
                    }
                  }
                }
              }
            },
            "categories": {
              "type": "Array<string>",
              "description": "An array of category strings corresponding to the tag cloud items."
            },
            "color": {
              "type": "string",
              "description": "The color of the series. The chart legend item will inherit this color value."
            },
            "drilling": {
              "type": "string",
              "description": "Whether drilling is enabled on the series item.",
              "enumValues": [
                "inherit",
                "off",
                "on"
              ]
            },
            "lineStyle": {
              "type": "string",
              "description": "The line style of the data line.",
              "enumValues": [
                "dashed",
                "dotted",
                "solid"
              ]
            },
            "lineType": {
              "type": "string",
              "description": "The line type of the data line or area.",
              "enumValues": [
                "curved",
                "straight"
              ]
            },
            "lineWidth": {
              "type": "number",
              "description": "The width of the data line."
            },
            "markerShape": {
              "type": "string",
              "description": "The shape of the data markers.",
              "enumValues": [
                "auto",
                "square",
                "circle",
                "diamond",
                "human",
                "plus",
                "star",
                "triangleDown",
                "triangleUp"
              ]
            },
            "markerColor": {
              "type": "string",
              "description": "The color of the data markers, if different from the series color."
            },
            "markerDisplayed": {
              "type": "string",
              "description": "Defines whether the data marker is displayed. Only applies to line, area, scatter, and bubble series."
            },
            "markerSize": {
              "type": "number",
              "description": "The size of the data markers."
            },
            "name": {
              "type": "string",
              "description": "The name of the series, displayed in the legend and tooltips."
            },
            "shortDesc": {
              "type": "string",
              "description": "The description of this series. This is used for accessibility and for customizing the tooltip text on the corresponding legend item for the series."
            }
          }
        },
        "items": {
          "type": "Array<object>",
          "description": "An array containing objects describing the data items belonging to the drilled group.",
          "extension": {
            "vbdt": {
              "itemProperties": {
                "id": {
                  "type": "any"
                },
                "seriesId": {
                  "type": "string",
                  "description": "The id for the series the item belongs to.",
                  "displayName": "Series Id",
                  "help": "#seriesId"
                },
                "groupId": {
                  "type": "Array<string>",
                  "description": "The array of id(s) for the group(s) the item belongs to",
                  "displayName": "Group Id",
                  "help": "#groupId"
                },
                "value": {
                  "type": "number",
                  "description": "The array of id(s) for the group(s) the item belongs to",
                  "displayName": "Valus",
                  "help": "#value"
                },
                "color": {
                  "type": "string",
                  "description": "The color of the data item.",
                  "displayName": "Color",
                  "help": "#color"
                },
                "markerDisplayed": {
                  "type": "string",
                  "description": "Defines whether the data marker is displayed. Only applies to line, area, scatter, and bubble series.",
                  "displayName": "Marker Displayed",
                  "help": "#markerDisplayed",
                  "enumValues": [
                    "auto",
                    "off",
                    "on"
                  ]
                },
                "markerShape": {
                  "type": "string",
                  "description": "The shape of the data markers. Only applies to line, area, scatter, and bubble series.",
                  "displayName": "Marker Shape",
                  "help": "#markerShape",
                  "enumValues": [
                    "auto",
                    "square",
                    "circle",
                    "diamond",
                    "human",
                    "plus",
                    "star",
                    "triangleDown",
                    "triangleUp"
                  ]
                },
                "markerSize": {
                  "type": "number",
                  "description": "The size of the data markers. Only applies to line, area, and scatter series.",
                  "displayName": "Marker Size",
                  "help": "#markerSize"
                },
                "categories": {
                  "type": "Array<string>",
                  "description": "An optional array of category strings corresponding to this data item.",
                  "displayName": "Categories",
                  "help": "#categories"
                },
                "drilling": {
                  "type": "string",
                  "description": "Whether drilling is enabled for the data item.",
                  "displayName": "Drilling",
                  "help": "#drilling",
                  "enumValues": [
                    "inherit",
                    "off",
                    "on"
                  ]
                },
                "shortDesc": {
                  "type": "string",
                  "displayName": "Short Desc",
                  "help": "#shortDesc"
                }
              }
            }
          }
        }
      }
    },
    "ojGroupDrill": {
      "description": "Triggered on a chart group drill gesture (double click if selection is enabled, single click otherwise).",
      "help": "#event:GroupDrill",
      "detail": {
        "id": {
          "type": "any",
          "description": "The id of the drilled object."
        },
        "group": {
          "type": "any",
          "description": "The group id of the drilled object."
        },
        "groupData": {
          "type": "object",
          "description": "An array of data for the group the drilled object belongs to.",
          "properties": {
            "drilling": {
              "type": "string",
              "enumValues": [
                "inherit",
                "off",
                "on"
              ]
            },
            "id": {
              "type": "string"
            },
            "name": {
              "type": "string"
            },
            "accessibleLabel": {
              "type": "string"
            }
          }
        },
        "items": {
          "type": "Array<object>",
          "description": "An array containing objects describing the data items belonging to the drilled group.",
          "extension": {
            "vbdt": {
              "itemProperties": {
                "id": {
                  "type": "any"
                },
                "seriesId": {
                  "type": "string",
                  "description": "The id for the series the item belongs to.",
                  "displayName": "Series Id",
                  "help": "#seriesId"
                },
                "groupId": {
                  "type": "Array<string>",
                  "description": "The array of id(s) for the group(s) the item belongs to",
                  "displayName": "Group Id",
                  "help": "#groupId"
                },
                "value": {
                  "type": "number",
                  "description": "The array of id(s) for the group(s) the item belongs to",
                  "displayName": "Valus",
                  "help": "#value"
                },
                "color": {
                  "type": "string",
                  "description": "The color of the data item.",
                  "displayName": "Color",
                  "help": "#color"
                },
                "markerDisplayed": {
                  "type": "string",
                  "description": "Defines whether the data marker is displayed. Only applies to line, area, scatter, and bubble series.",
                  "displayName": "Marker Displayed",
                  "help": "#markerDisplayed",
                  "enumValues": [
                    "auto",
                    "off",
                    "on"
                  ]
                },
                "markerShape": {
                  "type": "string",
                  "description": "The shape of the data markers. Only applies to line, area, scatter, and bubble series.",
                  "displayName": "Marker Shape",
                  "help": "#markerShape",
                  "enumValues": [
                    "auto",
                    "square",
                    "circle",
                    "diamond",
                    "human",
                    "plus",
                    "star",
                    "triangleDown",
                    "triangleUp"
                  ]
                },
                "markerSize": {
                  "type": "number",
                  "description": "The size of the data markers. Only applies to line, area, and scatter series.",
                  "displayName": "Marker Size",
                  "help": "#markerSize"
                },
                "categories": {
                  "type": "Array<string>",
                  "description": "An optional array of category strings corresponding to this data item.",
                  "displayName": "Categories",
                  "help": "#categories"
                },
                "drilling": {
                  "type": "string",
                  "description": "Whether drilling is enabled for the data item.",
                  "displayName": "Drilling",
                  "help": "#drilling",
                  "enumValues": [
                    "inherit",
                    "off",
                    "on"
                  ]
                },
                "shortDesc": {
                  "type": "string",
                  "displayName": "Short Desc",
                  "help": "#shortDesc"
                }
              }
            }
          }
        }
      }
    },
    "ojViewportChange": {
      "description": "Triggered after the viewport is changed due to a zoom or scroll operation.",
      "help": "#event:ViewportChange",
      "detail": {
        "startGroup": {
          "type": "string",
          "description": "The start group of the new viewport on a chart with categorical axis."
        },
        "endGroup": {
          "type": "string",
          "description": "The end group of the new viewport on a chart with categorical axis."
        },
        "xMax": {
          "type": "number",
          "description": "The maximum x value of the new viewport."
        },
        "xMin": {
          "type": "number",
          "description": "The minimum x value of the new viewport."
        },
        "yMax": {
          "type": "number",
          "description": "The maximum y value of the new viewport."
        },
        "yMin": {
          "type": "number",
          "description": "The minimum y value of the new viewport."
        }
      }
    }
  },
  "methods": {
    "setProperty": {
      "description": "Sets a property or a single subproperty for complex properties and notifies the component of the change, triggering a corresponding event.",
      "help": "#setProperty",
      "params": [
        {
          "name": "property",
          "description": "The property name to set. Supports dot notation for subproperty access.",
          "type": "string"
        },
        {
          "name": "value",
          "description": "The new value to set the property to.",
          "type": "any"
        }
      ],
      "return": "void"
    },
    "getProperty": {
      "description": "Retrieves the value of a property or a subproperty.",
      "help": "#getProperty",
      "params": [
        {
          "name": "property",
          "description": "The property name to get. Supports dot notation for subproperty access.",
          "type": "string"
        }
      ],
      "return": "any"
    },
    "setProperties": {
      "description": "Performs a batch set of properties.",
      "help": "#setProperties",
      "params": [
        {
          "name": "properties",
          "description": "An object containing the property and value pairs to set.",
          "type": "object"
        }
      ],
      "return": "void"
    }
  }
}