{"oj-c.ActionCard":{"ref":"oj-c.ActionCard.html","subCategory":"Class","members":" Default","events":" event:ojAction","methods":" getProperty setProperties setProperty","decorators":""},"oj-c.AreaChart":{"ref":"oj-c.AreaChart.html","subCategory":"Class","members":" groupTemplate itemTemplate seriesTemplate data drilling groupComparator hiddenCategories hideAndShowBehavior highlightMatch highlightedCategories hoverBehavior legend orientation plotArea selection selectionMode seriesComparator stack valueFormats xAxis yAxis zoomAndScroll","events":" event:ojGroupDrill event:ojItemDrill event:ojSeriesDrill event:ojViewportChange","methods":" getProperty setProperties setProperty","decorators":""},"oj-c.AreaChartGroup":{"ref":"oj-c.AreaChartGroup.html","subCategory":"Class","members":" drilling name shortDesc","methods":"","decorators":""},"oj-c.AreaChartItem":{"ref":"oj-c.AreaChartItem.html","subCategory":"Class","members":" categories color drilling groupId markerDisplayed markerShape markerSize seriesId shortDesc value","methods":"","decorators":""},"oj-c.AreaChartSeries":{"ref":"oj-c.AreaChartSeries.html","subCategory":"Class","members":" categories color drilling lineType markerColor markerDisplayed markerShape markerSize name shortDesc","methods":"","decorators":""},"oj-c.Avatar":{"ref":"oj-c.Avatar.html","subCategory":"Class","members":" background iconClass initials shape size src","methods":" getProperty setProperties setProperty","decorators":""},"oj-c.Button":{"ref":"oj-c.Button.html","subCategory":"Class","members":" endIcon startIcon chroming disabled display edge label size tooltip width","events":" event:ojAction","methods":" getProperty setProperties setProperty","decorators":""},"oj-c.Checkbox":{"ref":"oj-c.Checkbox.html","subCategory":"Class","members":" Default columnSpan containerReadonly disabled displayOptions displayOptions.messages help helpHints messagesCustom readonly required requiredMessageDetail userAssistanceDensity valid value","methods":" getProperty reset setProperties setProperty showMessages validate","decorators":""},"oj-c.Checkboxset":{"ref":"oj-c.Checkboxset.html","subCategory":"Class","members":" columnSpan containerReadonly direction disabled displayOptions help helpHints labelEdge labelHint labelStartWidth labelWrapping messagesCustom options readonly required requiredMessageDetail userAssistanceDensity valid value","methods":" getProperty reset setProperties setProperty showMessages validate","decorators":""},"oj-c.Collapsible":{"ref":"oj-c.Collapsible.html","subCategory":"Class","members":" Default header disabled expanded iconPosition variant","events":" event:ojBeforeCollapse event:ojBeforeExpand event:ojCollapse event:ojExpand","methods":" getProperty setProperties setProperty","decorators":""},"oj-c.DrawerPopup":{"ref":"oj-c.DrawerPopup.html","subCategory":"Class","members":" Default autoDismiss closeGesture edge modality opened","events":" event:ojBeforeClose","methods":" getProperty setProperties setProperty","decorators":""},"oj-c.FilePicker":{"ref":"oj-c.FilePicker.html","subCategory":"Class","members":" trigger accept capture disabled primaryText secondaryText selectionMode","events":" event:ojBeforeSelect event:ojInvalidSelect event:ojSelect","methods":" blur focus getProperty setProperties setProperty","decorators":""},"oj-c.FormLayout":{"ref":"oj-c.FormLayout.html","subCategory":"Class","members":" Default columnSpan columns direction fullWidth labelEdge labelStartWidth labelWrapping maxColumns readonly userAssistanceDensity","methods":" getProperty setProperties setProperty","decorators":""},"oj-c.HighlightText":{"ref":"oj-c.HighlightText.html","subCategory":"Class","members":" matchText text","methods":" getProperty setProperties setProperty","decorators":""},"oj-c.InputDateMask":{"ref":"oj-c.InputDateMask.html","subCategory":"Class","members":" columnSpan containerReadonly dateRangeOverflowMessageDetail dateRangeUnderflowMessageDetail disabled displayOptions help helpHints labelEdge labelHint labelStartWidth labelWrapping max messagesCustom min rawValue rawValue.day rawValue.month rawValue.year readonly required requiredMessageDetail textAlign userAssistanceDensity valid validators value","methods":" getProperty reset setProperties setProperty showMessages validate","decorators":""},"oj-c.InputDateText":{"ref":"oj-c.InputDateText.html","subCategory":"Class","members":" autocomplete columnSpan containerReadonly converter dateRangeOverflowMessageDetail dateRangeUnderflowMessageDetail disabled displayOptions help helpHints labelEdge labelHint labelStartWidth labelWrapping max messagesCustom min rawValue readonly required requiredMessageDetail textAlign userAssistanceDensity valid validators value","methods":" getProperty reset setProperties setProperty showMessages validate","decorators":""},"oj-c.InputNumber":{"ref":"oj-c.InputNumber.html","subCategory":"Class","members":" autocomplete columnSpan containerReadonly converter disabled displayOptions help helpHints inputPrefix inputSuffix labelEdge labelHint labelStartWidth labelWrapping max messagesCustom min numberRangeExactMessageDetail numberRangeOverflowMessageDetail numberRangeUnderflowMessageDetail placeholder rawValue readonly required requiredMessageDetail step stepperVariant textAlign transientValue userAssistanceDensity valid validators value virtualKeyboard","methods":" getProperty reset setProperties setProperty showMessages validate","decorators":""},"oj-c.InputPassword":{"ref":"oj-c.InputPassword.html","subCategory":"Class","members":" autocomplete clearIcon columnSpan containerReadonly disabled displayOptions help helpHints labelEdge labelHint labelStartWidth labelWrapping maskIcon messagesCustom placeholder rawValue readonly required requiredMessageDetail textAlign userAssistanceDensity valid validators value","methods":" getProperty reset setProperties setProperty showMessages validate","decorators":""},"oj-c.InputText":{"ref":"oj-c.InputText.html","subCategory":"Class","members":" end start autocomplete clearIcon columnSpan containerReadonly converter disabled displayOptions help helpHints inputPrefix inputSuffix labelEdge labelHint labelStartWidth labelWrapping length messagesCustom placeholder rawValue readonly required requiredMessageDetail textAlign userAssistanceDensity valid validators value virtualKeyboard","methods":" getProperty reset setProperties setProperty showMessages validate","decorators":""},"oj-c.LabelledLink":{"ref":"oj-c.LabelledLink.html","subCategory":"Class","members":" columnSpan containerReadonly href labelEdge labelHint labelStartWidth labelWrapping target text textAlign userAssistanceDensity","events":" event:ojAction","methods":" blur focus getProperty setProperties setProperty","decorators":""},"oj-c.Legend":{"ref":"oj-c.Legend.html","subCategory":"Class","members":" itemTemplate sectionTemplate data drilling halign hiddenCategories hideAndShowBehavior highlightedCategories hoverBehavior orientation sectionTitleHalign sectionTitleStyle sectionTitleStyle.color sectionTitleStyle.fontFamily sectionTitleStyle.fontSize sectionTitleStyle.fontStyle sectionTitleStyle.fontWeight sectionTitleStyle.textDecoration symbolHeight symbolWidth textStyle textStyle.color textStyle.fontFamily textStyle.fontSize textStyle.fontStyle textStyle.fontWeight textStyle.textDecoration valign","events":" event:ojDrill","methods":" getProperty setProperties setProperty","decorators":""},"oj-c.LegendItem":{"ref":"oj-c.LegendItem.html","subCategory":"Class","members":" borderColor categories color lineStyle lineWidth markerColor markerShape shortDesc source symbolType text","methods":"","decorators":""},"oj-c.LegendSection":{"ref":"oj-c.LegendSection.html","subCategory":"Class","members":" text","methods":"","decorators":""},"oj-c.LineChart":{"ref":"oj-c.LineChart.html","subCategory":"Class","members":" groupTemplate itemTemplate seriesTemplate data drilling groupComparator hiddenCategories hideAndShowBehavior highlightMatch highlightedCategories hoverBehavior legend orientation plotArea selection selectionMode seriesComparator stack valueFormats xAxis yAxis zoomAndScroll","events":" event:ojGroupDrill event:ojItemDrill event:ojSeriesDrill event:ojViewportChange","methods":" getProperty setProperties setProperty","decorators":""},"oj-c.LineChartGroup":{"ref":"oj-c.LineChartGroup.html","subCategory":"Class","members":" drilling name shortDesc","methods":"","decorators":""},"oj-c.LineChartItem":{"ref":"oj-c.LineChartItem.html","subCategory":"Class","members":" categories color drilling groupId markerDisplayed markerShape markerSize seriesId shortDesc value","methods":"","decorators":""},"oj-c.LineChartSeries":{"ref":"oj-c.LineChartSeries.html","subCategory":"Class","members":" categories color drilling lineStyle lineType lineWidth markerColor markerDisplayed markerShape markerSize name shortDesc","methods":"","decorators":""},"oj-c.ListItemLayout":{"ref":"oj-c.ListItemLayout.html","subCategory":"Class","members":" Default action leading metadata navigation overline quaternary secondary selector tertiary trailing inset","methods":" getProperty setProperties setProperty","decorators":""},"oj-c.ListView":{"ref":"oj-c.ListView.html","subCategory":"Class","members":" itemTemplate noData currentItem data gridlines scrollPolicyOptions scrollPolicyOptions.fetchSize scrollPolicyOptions.scroller selected selectionMode","events":" event:ojItemAction","methods":" getProperty setProperties setProperty","decorators":""},"oj-c.MenuButton":{"ref":"oj-c.MenuButton.html","subCategory":"Class","members":" endIcon startIcon chroming disabled display items label selection size suffix tooltip width","events":" event:ojMenuAction","methods":" getProperty setProperties setProperty","decorators":""},"oj-c.MessageBanner":{"ref":"oj-c.MessageBanner.html","subCategory":"Class","members":" data detailTemplateValue type","events":" event:ojClose","methods":" getProperty setProperties setProperty","decorators":""},"oj-c.MessageToast":{"ref":"oj-c.MessageToast.html","subCategory":"Class","members":" data detailTemplateValue iconTemplateValue offset position","events":" event:ojClose","methods":" getProperty setProperties setProperty","decorators":""},"oj-c.MeterBar":{"ref":"oj-c.MeterBar.html","subCategory":"Class","members":" color datatip describedBy indicatorSize labelledBy max min orientation plotArea readonly referenceLines size step thresholdDisplay thresholds transientValue value","methods":" getProperty setProperties setProperty","decorators":""},"oj-c.MeterCircle":{"ref":"oj-c.MeterCircle.html","subCategory":"Class","members":" centerTemplate angleExtent color datatip describedBy indicatorSize innerRadius labelledBy max min plotArea readonly referenceLines size startAngle step thresholdDisplay thresholds transientValue value","methods":" getProperty setProperties setProperty","decorators":""},"oj-c.ProgressBar":{"ref":"oj-c.ProgressBar.html","subCategory":"Class","members":" edge max value","methods":" getProperty setProperties setProperty","decorators":""},"oj-c.ProgressCircle":{"ref":"oj-c.ProgressCircle.html","subCategory":"Class","members":" max size value","methods":" getProperty setProperties setProperty","decorators":""},"oj-c.Radioset":{"ref":"oj-c.Radioset.html","subCategory":"Class","members":" columnSpan containerReadonly direction disabled displayOptions help helpHints labelEdge labelHint labelStartWidth labelWrapping messagesCustom options readonly required requiredMessageDetail userAssistanceDensity valid value","methods":" getProperty reset setProperties setProperty showMessages validate","decorators":""},"oj-c.RatingGauge":{"ref":"oj-c.RatingGauge.html","subCategory":"Class","members":" changed color datatip describedBy disabled labelledBy max readonly size step thresholds tooltip transientValue value","methods":" getProperty setProperties setProperty","decorators":""},"oj-c.SelectMultiple":{"ref":"oj-c.SelectMultiple.html","subCategory":"Class","members":" itemTemplate columnSpan containerReadonly data disabled displayOptions help helpHints itemText labelEdge labelHint labelStartWidth labelWrapping messagesCustom placeholder readonly required requiredMessageDetail textAlign userAssistanceDensity valid value valueItems virtualKeyboard","methods":" getProperty reset setProperties setProperty showMessages validate","decorators":""},"oj-c.Selector":{"ref":"oj-c.Selector.html","subCategory":"Class","members":" indeterminate rowKey selectedKeys selectionMode","methods":" getProperty setProperties setProperty","decorators":""},"oj-c.SelectorAll":{"ref":"oj-c.SelectorAll.html","subCategory":"Class","members":" selectedKeys","methods":" getProperty setProperties setProperty","decorators":""},"oj-c.SelectSingle":{"ref":"oj-c.SelectSingle.html","subCategory":"Class","members":" itemTemplate advancedSearch columnSpan containerReadonly data disabled displayOptions help helpHints itemText labelEdge labelHint labelStartWidth labelWrapping messagesCustom placeholder readonly required requiredMessageDetail textAlign userAssistanceDensity valid value valueItem virtualKeyboard","events":" event:ojAdvancedSearchAction event:ojValueAction","methods":" getProperty reset setProperties setProperty showMessages validate","decorators":""},"oj-c.SplitMenuButton":{"ref":"oj-c.SplitMenuButton.html","subCategory":"Class","members":" chroming disabled items label size width","events":" event:ojAction","methods":" getProperty setProperties setProperty","decorators":""},"oj-c.TagCloud":{"ref":"oj-c.TagCloud.html","subCategory":"Class","members":" itemTemplate data datatip hiddenCategories highlightMatch highlightedCategories hoverBehavior layout selection selectionMode touchResponse","methods":" getProperty setProperties setProperty","decorators":""},"oj-c.TagCloudItem":{"ref":"oj-c.TagCloudItem.html","subCategory":"Class","members":" categories color label shortDesc url value","methods":"","decorators":""},"oj-c.TextArea":{"ref":"oj-c.TextArea.html","subCategory":"Class","members":" autocomplete columnSpan containerReadonly converter disabled displayOptions help helpHints labelEdge labelHint labelStartWidth labelWrapping length maxRows messagesCustom placeholder rawValue readonly required requiredMessageDetail resizeBehavior rows textAlign userAssistanceDensity valid validators value","methods":" getProperty reset setProperties setProperty showMessages validate","decorators":""}}